frame,time_seconds,flash_offset,x,y,width,height,pixel_count,raw_length,encoded_length,record_length,decoded_crc32
0,0.0,5120,64,40,45,48,2160,4320,2466,2482,F59B36F0
1,0.03333333333333333,7602,77,53,1,1,1,2,3,19,EAF4962E
2,0.06666666666666667,7621,82,57,28,29,812,1624,1031,1047,2B7B192D
3,0.1,8668,62,40,48,48,2304,4608,2466,2482,933F17A5
4,0.13333333333333333,11150,62,40,46,48,2208,4416,2468,2484,B1D823A6
5,0.16666666666666666,13634,60,40,46,48,2208,4416,2487,2503,410724FA
6,0.2,16137,60,40,44,48,2112,4224,2399,2415,012C6B3F
7,0.23333333333333334,18552,64,48,4,4,16,32,33,49,AD3E31BC
8,0.26666666666666666,18601,59,41,45,47,2115,4230,2359,2375,020B9A98
9,0.3,20976,59,41,44,47,2068,4136,2258,2274,45276943
10,0.3333333333333333,23250,64,55,29,20,580,1160,903,919,862430A7
11,0.36666666666666664,24169,59,42,43,45,1935,3870,2190,2206,AFD448FC
12,0.4,26375,59,42,44,46,2024,4048,2203,2219,5F6C434D
13,0.43333333333333335,28594,93,48,2,2,4,8,9,25,61695294
14,0.4666666666666667,28619,59,40,44,47,2068,4136,2254,2270,61E25BAF
15,0.5,30889,60,40,44,48,2112,4224,2331,2347,2C8BD1D3
16,0.5333333333333333,33236,59,40,45,48,2160,4320,2411,2427,B591552A
17,0.5666666666666667,35663,57,40,47,48,2256,4512,2422,2438,C7B582C6
18,0.6,38101,61,54,40,34,1360,2720,1647,1663,48177549
19,0.6333333333333333,39764,61,63,8,24,192,384,213,229,3E30FA23
20,0.6666666666666666,39993,57,40,48,48,2304,4608,2434,2450,0B17FF35
21,0.7,42443,59,40,47,48,2256,4512,2419,2435,02D80B06
22,0.7333333333333333,44878,62,40,45,48,2160,4320,2300,2316,27913F06
23,0.7666666666666667,47194,63,40,45,48,2160,4320,2259,2275,7A06655C
24,0.8,49469,64,41,44,47,2068,4136,2231,2247,7C06FD56
25,0.8333333333333334,51716,0,0,0,0,0,0,0,16,00000000
26,0.8666666666666667,51732,64,41,45,47,2115,4230,2131,2147,D8C2AA8F
27,0.9,53879,68,53,39,25,975,1950,1222,1238,B4DC9C4A
28,0.9333333333333333,55117,65,42,44,45,1980,3960,2068,2084,444D317E
29,0.9666666666666667,57201,65,42,44,46,2024,4048,2156,2172,C5DFC832
30,1.0,59373,64,40,44,48,2112,4224,2225,2241,4D9F519A
31,1.0333333333333334,61614,0,0,0,0,0,0,0,16,00000000
32,1.0666666666666667,61630,64,40,44,47,2068,4136,2249,2265,7E1400C8
33,1.1,63895,64,40,44,48,2112,4224,2300,2316,4E26EB0E
34,1.1333333333333333,66211,64,40,45,48,2160,4320,2466,2482,E5075CDB
35,1.1666666666666667,68693,70,54,40,33,1320,2640,1640,1656,4709A284
36,1.2,70349,62,40,48,48,2304,4608,2470,2486,3864068C
37,1.2333333333333334,72835,75,56,1,1,1,2,3,19,248DC5F6
38,1.2666666666666666,72854,61,40,47,48,2256,4512,2470,2486,B32E7534
39,1.3,75340,60,40,47,48,2256,4512,2465,2481,60FCA059
40,1.3333333333333333,77821,60,40,44,48,2112,4224,2411,2427,5AF850F4
41,1.3666666666666667,80248,59,41,45,47,2115,4230,2364,2380,92E665FF
42,1.4,82628,59,41,44,47,2068,4136,2259,2275,F80E6B37
43,1.4333333333333333,84903,65,49,29,39,1131,2262,1556,1572,5B0C43E9
44,1.4666666666666666,86475,62,55,31,32,992,1984,1395,1411,ADA4831C
45,1.5,87886,59,42,43,46,1978,3956,2221,2237,F02E44DB
46,1.5333333333333334,90123,59,42,44,46,2024,4048,2196,2212,8EAC0EB1
47,1.5666666666666667,92335,59,40,44,48,2112,4224,2277,2293,73C65C70
48,1.6,94628,60,40,44,48,2112,4224,2341,2357,59C17458
49,1.6333333333333333,96985,94,49,1,1,1,2,3,19,218C4994
50,1.6666666666666667,97004,58,40,46,48,2208,4416,2391,2407,D857FFB7
51,1.7,99411,57,40,47,48,2256,4512,2426,2442,F8C87B65
52,1.7333333333333334,101853,69,54,34,34,1156,2312,1423,1439,A2BFC5DC
53,1.7666666666666666,103292,57,40,48,48,2304,4608,2421,2437,B94A82A8
54,1.8,105729,59,40,47,48,2256,4512,2405,2421,E28980D5
55,1.8333333333333333,108150,69,44,17,13,221,442,327,343,229FD276
56,1.8666666666666667,108493,62,40,45,48,2160,4320,2293,2309,22439831
57,1.9,110802,63,40,45,48,2160,4320,2267,2283,FB7FE2B2
58,1.9333333333333333,113085,64,41,44,47,2068,4136,2231,2247,22EF862F
59,1.9666666666666666,115332,64,41,45,47,2115,4230,2121,2137,D1C291AC
60,2.0,117469,76,56,31,32,992,1984,1203,1219,F35CB698
61,2.033333333333333,118688,76,69,27,11,297,594,209,225,70776370
62,2.066666666666667,118913,65,42,44,45,1980,3960,2071,2087,D9EAF7CE
63,2.1,121000,65,42,44,46,2024,4048,2173,2189,4739C132
64,2.1333333333333333,123189,64,40,44,48,2112,4224,2219,2235,8B343F89
65,2.1666666666666665,125424,64,40,44,48,2112,4224,2261,2277,1A3A4F5A
66,2.2,127701,64,40,44,48,2112,4224,2320,2336,D5CF9F50
67,2.2333333333333334,130037,80,45,1,1,1,2,3,19,0DAC6EC0
68,2.2666666666666666,130056,64,40,45,48,2160,4320,2471,2487,539EC10A
69,2.3,132543,66,59,44,28,1232,2464,1501,1517,844513DE
70,2.3333333333333335,134060,62,40,48,48,2304,4608,2448,2464,FD7F75BC
71,2.3666666666666667,136524,62,40,46,48,2208,4416,2455,2471,41452DCB
72,2.4,138995,60,40,47,48,2256,4512,2469,2485,3587BECC
73,2.433333333333333,141480,68,87,1,1,1,2,3,19,621319D8
74,2.466666666666667,141499,60,40,44,48,2112,4224,2399,2415,6F81E280
75,2.5,143914,59,41,45,47,2115,4230,2380,2396,F7CA7427
76,2.533333333333333,146310,59,41,44,47,2068,4136,2262,2278,C512E048
77,2.566666666666667,148588,64,55,28,20,560,1120,875,891,6585C752
78,2.6,149479,59,42,43,45,1935,3870,2192,2208,E7780A36
79,2.6333333333333333,151687,92,50,1,1,1,2,3,19,99228003
80,2.6666666666666665,151706,59,42,44,46,2024,4048,2206,2222,C082583C
81,2.7,153928,59,40,44,47,2068,4136,2268,2284,AA5D317F
82,2.7333333333333334,156212,60,40,44,48,2112,4224,2348,2364,E43D0BB1
83,2.7666666666666666,158576,59,40,45,48,2160,4320,2387,2403,AF335AD6
84,2.8,160979,57,40,47,48,2256,4512,2427,2443,EB71BB6E
85,2.8333333333333335,163422,59,62,39,23,897,1794,1003,1019,C4725425
86,2.8666666666666667,164441,58,54,40,31,1240,2480,1471,1487,81B95ABB
87,2.9,165928,57,40,48,48,2304,4608,2435,2451,D752A124
88,2.933333333333333,168379,59,40,47,48,2256,4512,2405,2421,4DE88E8A
89,2.966666666666667,170800,62,40,45,48,2160,4320,2301,2317,D8EF6E73
90,3.0,173117,63,40,45,48,2160,4320,2270,2286,EFED5395
91,3.033333333333333,175403,87,62,13,20,260,520,217,233,34FAF832
92,3.066666666666667,175636,64,41,44,47,2068,4136,2216,2232,C28E706A
93,3.1,177868,65,41,44,47,2068,4136,2128,2144,EEF4FB3E
94,3.1333333333333333,180012,67,56,40,30,1200,2400,1344,1360,A33523C9
95,3.1666666666666665,181372,65,42,44,46,2024,4048,2086,2102,C5414273
96,3.2,183474,65,42,44,46,2024,4048,2170,2186,6256B1D5
97,3.2333333333333334,185660,102,61,1,1,1,2,3,19,ED5F5EEE
98,3.2666666666666666,185679,64,40,44,48,2112,4224,2216,2232,E75187E0
99,3.3,187911,64,40,44,48,2112,4224,2261,2277,A7DC01EC
100,3.3333333333333335,190188,64,40,44,48,2112,4224,2323,2339,41CE832C
101,3.3666666666666667,192527,64,40,45,48,2160,4320,2462,2478,7D561A14
102,3.4,195005,81,45,29,42,1218,2436,1530,1546,5898E314
103,3.433333333333333,196551,71,80,39,7,273,546,390,406,1B026B0A
104,3.466666666666667,196957,62,40,48,48,2304,4608,2466,2482,2E6C92DD
105,3.5,199439,62,40,46,48,2208,4416,2453,2469,6CC9688D
106,3.533333333333333,201908,60,40,46,48,2208,4416,2468,2484,A9D65C5A
107,3.566666666666667,204392,60,40,44,48,2112,4224,2397,2413,2C34E9F7
108,3.6,206805,59,41,45,47,2115,4230,2371,2387,0ACD0C21
109,3.6333333333333333,209192,76,57,1,1,1,2,3,19,607F51A3
110,3.6666666666666665,209211,59,41,44,47,2068,4136,2263,2279,F79F294C
111,3.7,211490,64,54,28,21,588,1176,909,925,6068283E
112,3.7333333333333334,212415,59,42,43,45,1935,3870,2196,2212,C2643EEB
113,3.7666666666666666,214627,59,42,44,46,2024,4048,2191,2207,EBD90D55
114,3.8,216834,59,40,44,47,2068,4136,2271,2287,022514A3
115,3.8333333333333335,219121,68,69,1,1,1,2,3,19,1EE8F42E
116,3.8666666666666667,219140,60,40,44,47,2068,4136,2332,2348,02B59C32
117,3.9,221488,59,40,45,48,2160,4320,2402,2418,E6C3D37D
118,3.933333333333333,223906,57,40,47,48,2256,4512,2418,2434,3BFAF07E
119,3.966666666666667,226340,68,53,31,35,1085,2170,1340,1356,9644A19D
120,4.0,227696,57,40,48,48,2304,4608,2434,2450,BB63E55D
121,4.033333333333333,230146,59,53,43,34,1462,2924,1796,1812,57819CB5
122,4.066666666666666,231958,59,40,47,48,2256,4512,2401,2417,CDDF5DE4
123,4.1,234375,62,40,45,48,2160,4320,2298,2314,1EA9B95A
124,4.133333333333334,236689,63,40,45,48,2160,4320,2263,2279,B1814642
125,4.166666666666667,238968,64,41,44,47,2068,4136,2239,2255,8F6F947D
126,4.2,241223,65,41,44,47,2068,4136,2087,2103,DC6E0DA8
127,4.233333333333333,243326,94,53,1,1,1,2,3,19,9E52F30A
128,4.266666666666667,243345,68,53,39,20,780,1560,1100,1116,E09E1E03
129,4.3,244461,65,42,44,46,2024,4048,2076,2092,765D376C
130,4.333333333333333,246553,65,42,44,46,2024,4048,2160,2176,5318356A
131,4.366666666666666,248729,64,40,44,48,2112,4224,2226,2242,B6CB2778
132,4.4,250971,64,40,44,47,2068,4136,2249,2265,7E1400C8
133,4.433333333333334,253236,0,0,0,0,0,0,0,16,00000000
134,4.466666666666667,253252,64,40,44,48,2112,4224,2307,2323,8839E09C
135,4.5,255575,64,40,45,48,2160,4320,2463,2479,D03CEDF6
136,4.533333333333333,258054,69,59,41,29,1189,2378,1451,1467,B15F4793
137,4.566666666666666,259521,62,40,48,48,2304,4608,2456,2472,AE97BFF5
138,4.6,261993,62,40,46,48,2208,4416,2466,2482,6C17DAD3
139,4.633333333333334,264475,68,60,18,4,72,144,141,157,F41B2335
140,4.666666666666667,264632,60,40,46,48,2208,4416,2457,2473,4D818F8E
141,4.7,267105,60,40,44,48,2112,4224,2409,2425,249686E9
142,4.733333333333333,269530,59,41,45,47,2115,4230,2389,2405,667B8DC3
143,4.766666666666667,271935,59,41,44,47,2068,4136,2257,2273,FA462F92
144,4.8,274208,65,45,27,42,1134,2268,1576,1592,9E520CEB
145,4.833333333333333,275800,65,45,6,34,204,408,357,373,677533F4
146,4.866666666666666,276173,59,42,43,45,1935,3870,2194,2210,6366B53B
147,4.9,278383,59,42,44,46,2024,4048,2195,2211,DB60635B
148,4.933333333333334,280594,59,40,44,48,2112,4224,2281,2297,D7DA415E
149,4.966666666666667,282891,60,40,44,47,2068,4136,2340,2356,7CB6C561
150,5.0,285247,59,40,45,48,2160,4320,2383,2399,7883A9A4
151,5.033333333333333,287646,68,42,11,5,55,110,85,101,454D8318
152,5.066666666666666,287747,57,40,47,48,2256,4512,2411,2427,57794B09
153,5.1,290174,59,54,39,30,1170,2340,1374,1390,39F7BEBC
154,5.133333333333334,291564,57,40,48,48,2304,4608,2440,2456,77E67E4D
155,5.166666666666667,294020,59,40,47,48,2256,4512,2417,2433,17C3EEB1
156,5.2,296453,62,40,45,48,2160,4320,2297,2313,A0B9C035
157,5.233333333333333,298766,0,0,0,0,0,0,0,16,00000000
158,5.266666666666667,298782,63,40,45,48,2160,4320,2265,2281,2C1C2716
159,5.3,301063,64,41,44,47,2068,4136,2209,2225,838517A1
160,5.333333333333333,303288,65,41,44,47,2068,4136,2123,2139,698252E3
161,5.366666666666666,305427,76,56,31,21,651,1302,865,881,890F6148
162,5.4,306308,65,42,44,44,1936,3872,2028,2044,92A2EC96
163,5.433333333333334,308352,77,71,9,17,153,306,154,170,A149FACA
164,5.466666666666667,308522,65,42,44,46,2024,4048,2170,2186,6C2E6BFE
165,5.5,310708,64,40,44,48,2112,4224,2215,2231,93E784EB
166,5.533333333333333,312939,64,40,44,47,2068,4136,2238,2254,7DDA538A
167,5.566666666666666,315193,64,40,44,48,2112,4224,2311,2327,D63E131F
168,5.6,317520,64,40,45,48,2160,4320,2472,2488,7E51B576
169,5.633333333333334,320008,71,78,33,6,198,396,213,229,A3415250
170,5.666666666666667,320237,80,54,30,32,960,1920,1178,1194,4A6AFD3A
171,5.7,321431,62,40,48,48,2304,4608,2478,2494,30BCE080
172,5.733333333333333,323925,62,40,46,48,2208,4416,2469,2485,90B9DF45
173,5.766666666666667,326410,60,40,47,48,2256,4512,2463,2479,E24671EE
174,5.8,328889,60,40,44,48,2112,4224,2399,2415,CD38F38B
175,5.833333333333333,331304,0,0,0,0,0,0,0,16,00000000
176,5.866666666666666,331320,59,41,45,47,2115,4230,2371,2387,E820FAB5
177,5.9,333707,59,41,44,47,2068,4136,2269,2285,8C51290C
178,5.933333333333334,335992,65,53,33,35,1155,2310,1534,1550,BEB6AF2F
179,5.966666666666667,337542,59,42,43,46,1978,3956,2212,2228,23E8AB56
180,6.0,339770,59,42,44,46,2024,4048,2203,2219,613742CC
181,6.033333333333333,341989,67,44,2,25,50,100,65,81,F85CDA67
182,6.066666666666666,342070,59,40,45,47,2115,4230,2259,2275,8029AC92
183,6.1,344345,60,40,43,48,2064,4128,2326,2342,0A3908C3
184,6.133333333333334,346687,59,40,45,48,2160,4320,2383,2399,207B421A
185,6.166666666666667,349086,57,40,47,48,2256,4512,2423,2439,EFF511E6
186,6.2,351525,69,54,30,33,990,1980,1236,1252,E1D26501
187,6.233333333333333,352777,0,0,0,0,0,0,0,16,00000000
188,6.266666666666667,352793,57,40,48,48,2304,4608,2430,2446,94457A5F
189,6.3,355239,59,40,47,48,2256,4512,2405,2421,46C55A10
190,6.333333333333333,357660,62,40,45,48,2160,4320,2297,2313,68B91DD2
191,6.366666666666666,359973,63,40,45,48,2160,4320,2262,2278,14A33080
192,6.4,362251,64,41,44,47,2068,4136,2226,2242,C738FD7E
193,6.433333333333334,364493,93,58,10,10,100,200,193,209,4C2E0512
194,6.466666666666667,364702,64,41,45,47,2115,4230,2105,2121,00F6744F
195,6.5,366823,71,53,36,32,1152,2304,1364,1380,403910B9
196,6.533333333333333,368203,65,42,44,44,1936,3872,2038,2054,DF2DCA57
197,6.566666666666666,370257,65,42,44,46,2024,4048,2164,2180,81C73A7F
198,6.6,372437,64,40,44,48,2112,4224,2217,2233,91CCB43C
199,6.633333333333334,374670,93,60,10,6,60,120,119,135,DB381D4D
200,6.666666666666667,374805,64,40,44,48,2112,4224,2289,2305,32367B32
201,6.7,377110,64,40,44,48,2112,4224,2307,2323,488ED88E
202,6.733333333333333,379433,64,40,45,48,2160,4320,2462,2478,80D87E91
203,6.766666666666667,381911,76,59,34,27,918,1836,1076,1092,76569C16
204,6.8,383003,62,40,48,48,2304,4608,2450,2466,DB3E0591
205,6.833333333333333,385469,68,45,35,42,1470,2940,1961,1977,F63764DB
206,6.866666666666666,387446,62,40,46,48,2208,4416,2467,2483,5C102ACD
207,6.9,389929,60,40,46,48,2208,4416,2460,2476,7CE89A68
208,6.933333333333334,392405,60,40,44,48,2112,4224,2399,2415,20C349FC
209,6.966666666666667,394820,59,41,45,47,2115,4230,2361,2377,D4B35778
210,7.0,397197,59,41,44,47,2068,4136,2261,2277,3AF21B2D
211,7.033333333333333,399474,59,56,27,2,54,108,83,99,E5552E18
212,7.066666666666666,399573,60,55,33,20,660,1320,1027,1043,70016D5C
213,7.1,400616,59,42,43,46,1978,3956,2210,2226,823EC90D
214,7.133333333333334,402842,59,42,44,46,2024,4048,2204,2220,E1E625AB
215,7.166666666666667,405062,59,40,44,48,2112,4224,2281,2297,5BB37F71
216,7.2,407359,60,40,44,48,2112,4224,2327,2343,D2D2BD79
217,7.233333333333333,409702,62,62,1,1,1,2,3,19,8B1761A7
218,7.266666666666667,409721,59,40,45,48,2160,4320,2387,2403,97055DEE
219,7.3,412124,57,40,47,48,2256,4512,2415,2431,8136FCF2
220,7.333333333333333,414555,59,45,40,43,1720,3440,2135,2151,BB016D12
221,7.366666666666666,416706,57,40,48,48,2304,4608,2424,2440,0FAB18A1
222,7.4,419146,59,40,47,48,2256,4512,2399,2415,81465A70
223,7.433333333333334,421561,67,45,10,39,390,780,569,585,7EB1D39C
224,7.466666666666667,422146,62,40,45,48,2160,4320,2279,2295,1FD4FC17
225,7.5,424441,63,40,45,48,2160,4320,2267,2283,AED394B4
226,7.533333333333333,426724,64,41,44,47,2068,4136,2223,2239,41AD055A
227,7.566666666666666,428963,64,41,45,47,2115,4230,2123,2139,28173066
228,7.6,431102,75,56,33,31,1023,2046,1239,1255,51EA26D1
229,7.633333333333334,432357,105,62,1,1,1,2,3,19,7FD60EDB
230,7.666666666666667,432376,65,42,44,44,1936,3872,2028,2044,B7734DBD
231,7.7,434420,65,42,44,46,2024,4048,2167,2183,1914B521
232,7.733333333333333,436603,64,40,44,48,2112,4224,2227,2243,9797018C
233,7.766666666666667,438846,64,40,44,48,2112,4224,2270,2286,B9E43A62
234,7.8,441132,64,40,44,48,2112,4224,2317,2333,F60D4942
235,7.833333333333333,443465,87,61,4,2,8,16,17,33,4F143B75
236,7.866666666666666,443498,64,40,45,48,2160,4320,2466,2482,3DC08FC8
237,7.9,445980,68,60,42,28,1176,2352,1424,1440,31145CBF
238,7.933333333333334,447420,62,40,48,48,2304,4608,2461,2477,D95F8035
239,7.966666666666667,449897,62,40,46,48,2208,4416,2451,2467,9DE01BC5
240,8.0,452364,60,40,47,48,2256,4512,2475,2491,247B2B2D
241,8.033333333333333,454855,76,76,18,9,162,324,178,194,3234B54E
242,8.066666666666666,455049,60,40,44,48,2112,4224,2399,2415,D77082E1
243,8.1,457464,59,41,45,47,2115,4230,2387,2403,BF884511
244,8.133333333333333,459867,59,41,44,47,2068,4136,2256,2272,DA16356E
245,8.166666666666666,462139,65,55,27,20,540,1080,835,851,FDED8088
246,8.2,462990,59,42,43,46,1978,3956,2202,2218,EFAF884C
247,8.233333333333333,465208,77,63,6,25,150,300,133,149,4CD4F70D
248,8.266666666666667,465357,59,42,44,46,2024,4048,2199,2215,A3582D32
249,8.3,467572,59,40,44,48,2112,4224,2273,2289,6E64636F
250,8.333333333333334,469861,60,40,44,47,2068,4136,2346,2362,B954F915
251,8.366666666666667,472223,59,40,45,48,2160,4320,2383,2399,B3740353
252,8.4,474622,57,40,47,48,2256,4512,2411,2427,D198B6B7
253,8.433333333333334,477049,0,0,0,0,0,0,0,16,00000000
254,8.466666666666667,477065,69,54,30,17,510,1020,786,802,6C3DD9CA
255,8.5,477867,57,40,48,48,2304,4608,2424,2440,13607941
256,8.533333333333333,480307,59,40,47,48,2256,4512,2402,2418,10AB5779
257,8.566666666666666,482725,62,40,45,48,2160,4320,2291,2307,A61045F3
258,8.6,485032,63,40,45,48,2160,4320,2267,2283,A1E7AC4D
259,8.633333333333333,487315,82,45,17,43,731,1462,852,868,10A90E81
260,8.666666666666666,488183,64,41,44,47,2068,4136,2230,2246,687CE0E6
261,8.7,490429,64,41,45,47,2115,4230,2109,2125,597298B1
262,8.733333333333333,492554,75,53,32,20,640,1280,931,947,17CD0BEB
263,8.766666666666667,493501,65,42,44,44,1936,3872,2028,2044,EFF95289
264,8.8,495545,65,42,44,46,2024,4048,2165,2181,38C90BF2
265,8.833333333333334,497726,76,81,1,1,1,2,3,19,7C005C59
266,8.866666666666667,497745,64,40,44,48,2112,4224,2215,2231,DF1262B1
267,8.9,499976,64,40,44,47,2068,4136,2237,2253,D69D09D5
268,8.933333333333334,502229,64,40,44,48,2112,4224,2313,2329,221DD853
269,8.966666666666667,504558,64,40,45,48,2160,4320,2472,2488,93852305
270,9.0,507046,69,50,41,38,1558,3116,1923,1939,2BA64EDA
271,9.033333333333333,508985,69,45,37,43,1591,3182,2114,2130,B55114A1
272,9.066666666666666,511115,62,40,48,48,2304,4608,2470,2486,CA35357A
273,9.1,513601,62,40,46,48,2208,4416,2455,2471,45E78485
274,9.133333333333333,516072,60,40,46,48,2208,4416,2465,2481,3361793B
275,9.166666666666666,518553,60,40,44,48,2112,4224,2405,2421,C633D303
276,9.2,520974,59,41,45,47,2115,4230,2381,2397,BE2E34CA
277,9.233333333333333,523371,68,63,1,25,25,50,49,65,B62D20D2
278,9.266666666666667,523436,59,41,44,47,2068,4136,2257,2273,D2591118
279,9.3,525709,65,55,34,25,850,1700,1156,1172,E21DB3D3
280,9.333333333333334,526881,59,42,43,45,1935,3870,2193,2209,1D693904
281,9.366666666666667,529090,59,42,44,46,2024,4048,2206,2222,CD63CD05
282,9.4,531312,59,40,44,48,2112,4224,2273,2289,BAA3D1FB
283,9.433333333333334,533601,67,44,20,10,200,400,296,312,1F5F7A63
284,9.466666666666667,533913,60,40,44,48,2112,4224,2338,2354,7997E4A6
285,9.5,536267,59,40,45,48,2160,4320,2381,2397,E68CF86B
286,9.533333333333333,538664,57,40,47,48,2256,4512,2426,2442,AA36DF7B
287,9.566666666666666,541106,69,54,31,34,1054,2108,1319,1335,E213028C
288,9.6,542441,57,40,48,48,2304,4608,2432,2448,B6026B61
289,9.633333333333333,544889,63,60,32,3,96,192,155,171,F171A0F5
290,9.666666666666666,545060,59,40,47,48,2256,4512,2424,2440,0627890C
291,9.7,547500,62,40,45,48,2160,4320,2306,2322,FA9E9772
292,9.733333333333333,549822,63,40,45,48,2160,4320,2265,2281,F69F7E1E
293,9.766666666666667,552103,64,41,44,47,2068,4136,2213,2229,4B8CB4B9
294,9.8,554332,64,41,45,47,2115,4230,2117,2133,6543887C
295,9.833333333333334,556465,86,86,1,1,1,2,3,19,C1AEC2DD
296,9.866666666666667,556484,75,56,32,18,576,1152,835,851,D01F9B1C
297,9.9,557335,65,42,44,45,1980,3960,2059,2075,5A75AF0F
298,9.933333333333334,559410,65,42,44,46,2024,4048,2163,2179,2BB463C2
299,9.966666666666667,561589,64,40,44,48,2112,4224,2209,2225,61B9A180
300,10.0,563814,64,40,44,48,2112,4224,2264,2280,C715FCF7
301,10.033333333333333,566094,85,51,18,37,666,1332,890,906,36B1BAB5
302,10.066666666666666,567000,64,40,44,48,2112,4224,2316,2332,81DC40A1
303,10.1,569332,64,40,45,48,2160,4320,2466,2482,76FA188E
304,10.133333333333333,571814,68,47,42,41,1722,3444,2132,2148,3C2EDF4F
305,10.166666666666666,573962,62,40,48,48,2304,4608,2473,2489,EF8B212A
306,10.2,576451,62,40,46,48,2208,4416,2474,2490,9A17AAC1
307,10.233333333333333,578941,77,41,25,13,325,650,434,450,E1C72489
308,10.266666666666667,579391,60,40,47,48,2256,4512,2473,2489,8B065E36
309,10.3,581880,60,40,44,48,2112,4224,2405,2421,0AD1ACC0
310,10.333333333333334,584301,59,41,45,47,2115,4230,2377,2393,FA0F7DE2
311,10.366666666666667,586694,59,41,44,47,2068,4136,2249,2265,F29BC1FE
312,10.4,588959,65,55,27,31,837,1674,1153,1169,4F155B8E
313,10.433333333333334,590128,67,85,1,1,1,2,3,19,FB1B9313
314,10.466666666666667,590147,59,42,43,45,1935,3870,2191,2207,19139D4D
315,10.5,592354,59,42,44,46,2024,4048,2195,2211,0D8440ED
316,10.533333333333333,594565,59,40,44,48,2112,4224,2270,2286,8D72D888
317,10.566666666666666,596851,60,40,44,47,2068,4136,2310,2326,9C3A809E
318,10.6,599177,59,40,45,48,2160,4320,2396,2412,6A4BF694
319,10.633333333333333,601589,64,61,26,19,494,988,563,579,6AD9F68E
320,10.666666666666666,602168,57,40,47,48,2256,4512,2436,2452,3D4EA2A3
321,10.7,604620,69,54,29,17,493,986,747,763,A067AAF1
322,10.733333333333333,605383,57,40,48,48,2304,4608,2436,2452,040C1071
323,10.766666666666667,607835,59,40,47,48,2256,4512,2410,2426,485661DB
324,10.8,610261,62,40,45,48,2160,4320,2291,2307,CC725BE1
325,10.833333333333334,612568,68,54,1,11,11,22,21,37,0CD3AA37
326,10.866666666666667,612605,63,40,45,48,2160,4320,2283,2299,44F5066B
327,10.9,614904,64,41,44,47,2068,4136,2203,2219,58BF2086
328,10.933333333333334,617123,65,41,44,47,2068,4136,2103,2119,DB9CE65F
329,10.966666666666667,619242,76,56,31,16,496,992,765,781,B2E39B51
330,11.0,620023,65,42,44,45,1980,3960,2064,2080,63F1736F
331,11.033333333333333,622103,85,87,1,1,1,2,3,19,0ADC1DC9
332,11.066666666666666,622122,65,42,44,46,2024,4048,2165,2181,048AB7CF
333,11.1,624303,64,40,44,48,2112,4224,2229,2245,DDD96238
334,11.133333333333333,626548,64,40,44,47,2068,4136,2252,2268,0D6CEBD2
335,11.166666666666666,628816,64,40,44,48,2112,4224,2310,2326,8DA7EB4B
336,11.2,631142,64,40,45,48,2160,4320,2455,2471,C86001AF
337,11.233333333333333,633613,65,45,38,35,1330,2660,1752,1768,0E0C8751
338,11.266666666666667,635381,69,54,41,34,1394,2788,1717,1733,4A88FEB5
339,11.3,637114,62,40,48,48,2304,4608,2482,2498,027EBEE9
340,11.333333333333334,639612,62,40,46,48,2208,4416,2459,2475,F9B5DFBD
341,11.366666666666667,642087,60,40,47,48,2256,4512,2472,2488,7565B188
342,11.4,644575,60,40,44,48,2112,4224,2396,2412,7E2AF512
343,11.433333333333334,646987,68,44,27,22,594,1188,899,915,8291AD06
344,11.466666666666667,647902,59,41,45,47,2115,4230,2373,2389,005ED558
345,11.5,650291,59,41,44,47,2068,4136,2254,2270,67F24DFF
346,11.533333333333333,652561,65,55,28,25,700,1400,957,973,941DDB06
347,11.566666666666666,653534,59,42,43,46,1978,3956,2239,2255,44C33C4E
348,11.6,655789,59,42,44,46,2024,4048,2209,2225,EC869B2C
349,11.633333333333333,658014,59,44,11,19,209,418,279,295,B7863383
350,11.666666666666666,658309,59,40,44,48,2112,4224,2260,2276,3A9BFF5E
351,11.7,660585,60,40,44,48,2112,4224,2349,2365,2B729F9D
352,11.733333333333333,662950,59,40,45,48,2160,4320,2377,2393,F7C1EAEA
353,11.766666666666667,665343,57,40,47,48,2256,4512,2413,2429,77E5E851
354,11.8,667772,70,53,29,35,1015,2030,1252,1268,C94D0FB2
355,11.833333333333334,669040,77,61,17,10,170,340,242,258,9F00A4F1
356,11.866666666666667,669298,57,40,48,48,2304,4608,2426,2442,B3D60DD6
357,11.9,671740,59,40,47,48,2256,4512,2415,2431,8066C105
358,11.933333333333334,674171,62,40,45,48,2160,4320,2300,2316,69B74E54
359,11.966666666666667,676487,63,40,45,48,2160,4320,2257,2273,FF59676A
360,12.0,678760,64,41,44,47,2068,4136,2224,2240,29F708AD
361,12.033333333333333,681000,89,45,14,21,294,588,471,487,012432C7
362,12.066666666666666,681487,65,41,44,47,2068,4136,2114,2130,8585C1B3
363,12.1,683617,76,56,31,16,496,992,773,789,6C10981B
364,12.133333333333333,684406,65,42,44,45,1980,3960,2069,2085,E8064309
365,12.166666666666666,686491,65,42,44,46,2024,4048,2165,2181,99B8EBF4
366,12.2,688672,64,40,44,48,2112,4224,2215,2231,5B1AC79B
367,12.233333333333333,690903,69,42,25,26,650,1300,983,999,0A57E27F
368,12.266666666666667,691902,64,40,44,47,2068,4136,2254,2270,A8358B4E
369,12.3,694172,64,40,44,48,2112,4224,2321,2337,D9BF2DC1
370,12.333333333333334,696509,64,40,45,48,2160,4320,2462,2478,D093738D
371,12.366666666666667,698987,82,59,28,29,812,1624,994,1010,C12CAC33
372,12.4,699997,62,40,48,48,2304,4608,2464,2480,242ECC3E
373,12.433333333333334,702477,68,53,26,35,910,1820,1132,1148,2E96BD4A
374,12.466666666666667,703625,62,40,46,48,2208,4416,2450,2466,8A1F2752
375,12.5,706091,60,40,46,48,2208,4416,2482,2498,4AD399C2
376,12.533333333333333,708589,60,40,44,48,2112,4224,2397,2413,BCA40771
377,12.566666666666666,711002,59,41,45,47,2115,4230,2387,2403,1351E09A
378,12.6,713405,59,41,44,47,2068,4136,2265,2281,5D027B95
379,12.633333333333333,715686,67,48,19,15,285,570,485,501,87A5C26A
380,12.666666666666666,716187,65,46,29,39,1131,2262,1575,1591,E81E959B
381,12.7,717778,59,42,43,46,1978,3956,2213,2229,FDCF38E7
382,12.733333333333333,720007,59,42,44,46,2024,4048,2194,2210,0F6D37B4
383,12.766666666666667,722217,59,40,45,48,2160,4320,2283,2299,069CA431
384,12.8,724516,60,40,43,48,2064,4128,2328,2344,453BBC60
385,12.833333333333334,726860,62,79,7,8,56,112,103,119,A8F08F54
386,12.866666666666667,726979,59,40,45,48,2160,4320,2372,2388,D9D87FF4
387,12.9,729367,57,40,47,48,2256,4512,2423,2439,DD7730EF
388,12.933333333333334,731806,70,44,34,35,1190,2380,1534,1550,EE57080E
389,12.966666666666667,733356,57,40,48,48,2304,4608,2422,2438,E591D48C
390,13.0,735794,59,40,47,48,2256,4512,2418,2434,45E1B4D7
391,13.033333333333333,738228,94,59,1,1,1,2,3,19,0CC6142F
392,13.066666666666666,738247,62,40,45,48,2160,4320,2292,2308,45C0F684
393,13.1,740555,63,40,45,48,2160,4320,2275,2291,B99DE00D
394,13.133333333333333,742846,64,41,44,47,2068,4136,2224,2240,C1DE8B00
395,13.166666666666666,745086,64,41,45,47,2115,4230,2113,2129,8FEB01D1
396,13.2,747215,75,56,32,18,576,1152,841,857,1D79EEEE
397,13.233333333333333,748072,76,66,27,8,216,432,231,247,CC3FE962
398,13.266666666666667,748319,65,42,44,45,1980,3960,2065,2081,F59FC27B
399,13.3,750400,65,42,44,46,2024,4048,2165,2181,99B8EBF4
400,13.333333333333334,752581,64,40,44,48,2112,4224,2207,2223,5F44F5CB
401,13.366666666666667,754804,64,40,44,47,2068,4136,2258,2274,1BB645BA
402,13.4,757078,64,40,44,48,2112,4224,2319,2335,A40C5911
403,13.433333333333334,759413,98,87,1,1,1,2,3,19,698A7461
404,13.466666666666667,759432,64,40,45,48,2160,4320,2460,2476,64558C70
405,13.5,761908,70,59,40,29,1160,2320,1405,1421,CE5AE6A1
406,13.533333333333333,763329,62,40,48,48,2304,4608,2462,2478,BA85253E
407,13.566666666666666,765807,61,40,47,48,2256,4512,2455,2471,4B883BEE
408,13.6,768278,60,40,47,48,2256,4512,2459,2475,9341D3C8
409,13.633333333333333,770753,79,81,24,4,96,192,175,191,798E273B
410,13.666666666666666,770944,60,40,44,48,2112,4224,2401,2417,498701C4
411,13.7,773361,59,41,45,47,2115,4230,2381,2397,22A2ACD6
412,13.733333333333333,775758,59,41,44,47,2068,4136,2272,2288,5A35188D
413,13.766666666666667,778046,64,55,30,20,600,1200,923,939,F93BC83F
414,13.8,778985,59,42,43,45,1935,3870,2192,2208,090548C2
415,13.833333333333334,781193,79,59,7,29,203,406,243,259,8AB3589A
416,13.866666666666667,781452,59,42,44,46,2024,4048,2210,2226,9B34CE83
417,13.9,783678,59,40,44,48,2112,4224,2284,2300,56747D96
418,13.933333333333334,785978,60,40,44,48,2112,4224,2335,2351,00FC0879
419,13.966666666666667,788329,59,40,45,48,2160,4320,2393,2409,37F5EBAD
420,14.0,790738,57,40,47,48,2256,4512,2431,2447,5AA0DF22
421,14.033333333333333,793185,75,53,2,4,8,16,17,33,5D28B401
422,14.066666666666666,793218,69,54,30,17,510,1020,784,800,819EBFF3
423,14.1,794018,57,40,48,48,2304,4608,2430,2446,94131C5A
424,14.133333333333333,796464,59,40,47,48,2256,4512,2423,2439,6F53E163
425,14.166666666666666,798903,62,40,45,48,2160,4320,2281,2297,93D3E327
426,14.2,801200,63,40,45,48,2160,4320,2261,2277,B38EB32E
427,14.233333333333333,803477,102,65,1,1,1,2,3,19,8FB7F699
428,14.266666666666667,803496,64,41,44,47,2068,4136,2220,2236,BD031BC7
429,14.3,805732,64,41,45,47,2115,4230,2152,2168,1EEDFED1
430,14.333333333333334,807900,73,44,34,31,1054,2108,1453,1469,989B1063
431,14.366666666666667,809369,65,42,44,46,2024,4048,2091,2107,97C058E3
432,14.4,811476,65,42,44,46,2024,4048,2165,2181,99B8EBF4
433,14.433333333333334,813657,0,0,0,0,0,0,0,16,00000000
434,14.466666666666667,813673,64,40,44,48,2112,4224,2223,2239,758C0DA4
435,14.5,815912,64,40,44,47,2068,4136,2262,2278,A3EC75FA
436,14.533333333333333,818190,64,40,44,48,2112,4224,2321,2337,7EDC4EEC
437,14.566666666666666,820527,64,40,45,48,2160,4320,2476,2492,E9A80372
438,14.6,823019,71,53,39,33,1287,2574,1587,1603,6CFB30BA
439,14.633333333333333,824622,68,53,26,27,702,1404,938,954,34C0D2A1
440,14.666666666666666,825576,62,40,48,48,2304,4608,2478,2494,EA723650
441,14.7,828070,61,40,47,48,2256,4512,2469,2485,3420EF36
442,14.733333333333333,830555,60,40,47,48,2256,4512,2465,2481,4F2BAA0E
443,14.766666666666667,833036,60,40,44,48,2112,4224,2405,2421,3154D15B
444,14.8,835457,59,41,45,47,2115,4230,2383,2399,E20B3237
445,14.833333333333334,837856,67,59,36,21,756,1512,946,962,937834D7
446,14.866666666666667,838818,59,41,44,47,2068,4136,2253,2269,6A6E287E
447,14.9,841087,65,55,27,20,540,1080,819,835,9ED5B967
448,14.933333333333334,841922,59,42,43,46,1978,3956,2207,2223,A7C8BB76
449,14.966666666666667,844145,59,42,44,46,2024,4048,2216,2232,19FB6293
450,15.0,846377,59,40,45,48,2160,4320,2272,2288,1C2D71D7
451,15.033333333333333,848665,80,45,4,39,156,312,201,217,E417FD1C
452,15.066666666666666,848882,60,40,44,48,2112,4224,2345,2361,88C84829
453,15.1,851243,59,40,45,48,2160,4320,2394,2410,40273AF4
454,15.133333333333333,853653,57,40,47,48,2256,4512,2423,2439,CC279951
455,15.166666666666666,856092,66,54,36,17,612,1224,908,924,AFAB8B67
456,15.2,857016,57,40,48,48,2304,4608,2429,2445,674D735B
457,15.233333333333333,859461,85,82,1,1,1,2,3,19,F30BA9A0
458,15.266666666666667,859480,59,40,47,48,2256,4512,2411,2427,738E1610
459,15.3,861907,62,40,45,48,2160,4320,2302,2318,A934C2A5
460,15.333333333333334,864225,63,40,45,48,2160,4320,2275,2291,CBB96AA5
461,15.366666666666667,866516,64,41,44,47,2068,4136,2241,2257,53D40475
462,15.4,868773,65,41,44,47,2068,4136,2095,2111,FCBB05CE
463,15.433333333333334,870884,68,48,18,38,684,1368,886,902,141577AC
464,15.466666666666667,871786,75,56,32,30,960,1920,1197,1213,B9938322
465,15.5,872999,65,42,44,44,1936,3872,2017,2033,665CF522
466,15.533333333333333,875032,65,42,44,46,2024,4048,2159,2175,ECBA3B91
467,15.566666666666666,877207,64,40,44,48,2112,4224,2225,2241,0FA2EFD8
468,15.6,879448,64,40,44,48,2112,4224,2252,2268,26D375FD
469,15.633333333333333,881716,78,61,1,1,1,2,3,19,AE74051C
470,15.666666666666666,881735,64,40,44,48,2112,4224,2312,2328,EDCAF941
471,15.7,884063,64,40,45,48,2160,4320,2459,2475,79EC2C51
472,15.733333333333333,886538,70,45,40,43,1720,3440,2151,2167,9E06A311
473,15.766666666666667,888705,62,40,48,48,2304,4608,2476,2492,A18DFF1B
474,15.8,891197,61,40,47,48,2256,4512,2470,2486,F4833533
475,15.833333333333334,893683,67,45,37,37,1369,2738,1785,1801,F5AFD93B
476,15.866666666666667,895484,60,40,47,48,2256,4512,2477,2493,7E5A960F
477,15.9,897977,60,40,44,48,2112,4224,2405,2421,182E5C7F
478,15.933333333333334,900398,59,41,45,47,2115,4230,2368,2384,5FB17217
479,15.966666666666667,902782,59,41,44,47,2068,4136,2236,2252,17106B66
480,16.0,905034,65,45,29,43,1247,2494,1694,1710,0EE5F082
481,16.033333333333335,906744,0,0,0,0,0,0,0,16,00000000
482,16.066666666666666,906760,59,42,43,45,1935,3870,2180,2196,DC1755BC
483,16.1,908956,59,42,44,46,2024,4048,2207,2223,8DC7B538
484,16.133333333333333,911179,59,40,45,48,2160,4320,2272,2288,35880252
485,16.166666666666668,913467,60,40,44,48,2112,4224,2346,2362,CB0CEAF6
486,16.2,915829,59,40,45,48,2160,4320,2388,2404,65C44CEA
487,16.233333333333334,918233,68,45,22,40,880,1760,1156,1172,EDB5CD77
488,16.266666666666666,919405,57,40,47,48,2256,4512,2422,2438,CCBC9313
489,16.3,921843,59,45,40,35,1400,2800,1726,1742,3DD2A9BC
490,16.333333333333332,923585,57,40,48,48,2304,4608,2441,2457,C986E394
491,16.366666666666667,926042,59,40,47,48,2256,4512,2407,2423,81A690F8
492,16.4,928465,62,40,45,48,2160,4320,2302,2318,924F7DB8
493,16.433333333333334,930783,94,65,1,1,1,2,3,19,88BC34BB
494,16.466666666666665,930802,63,40,45,48,2160,4320,2269,2285,0B70ECED
495,16.5,933087,64,41,44,47,2068,4136,2236,2252,22952A1F
496,16.533333333333335,935339,64,41,45,47,2115,4230,2137,2153,C519775C
497,16.566666666666666,937492,75,52,32,20,640,1280,971,987,7DDE110E
498,16.6,938479,65,42,44,44,1936,3872,2028,2044,6609B8E6
499,16.633333333333333,940523,85,45,18,43,774,1548,974,990,ABE44ED7
500,16.666666666666668,941513,65,42,44,46,2024,4048,2161,2177,1ADCC286
501,16.7,943690,64,40,44,48,2112,4224,2229,2245,87606071
502,16.733333333333334,945935,64,40,44,47,2068,4136,2239,2255,DD9016CB
503,16.766666666666666,948190,64,40,44,48,2112,4224,2319,2335,0903E46D
504,16.8,950525,64,40,45,48,2160,4320,2464,2480,3AD0C7DD
505,16.833333333333332,953005,79,53,1,1,1,2,3,19,AED6626D
506,16.866666666666667,953024,79,53,31,33,1023,2046,1230,1246,8E59A618
507,16.9,954270,62,40,48,48,2304,4608,2450,2466,80123D4E
508,16.933333333333334,956736,62,40,46,48,2208,4416,2454,2470,CAA87788
509,16.966666666666665,959206,60,40,46,48,2208,4416,2478,2494,E3835491
510,17.0,961700,60,40,44,48,2112,4224,2405,2421,A4BDE643
511,17.033333333333335,964121,0,0,0,0,0,0,0,16,00000000
512,17.066666666666666,964137,59,41,45,47,2115,4230,2364,2380,D0DA2ADC
513,17.1,966517,59,41,44,47,2068,4136,2261,2277,F1E8B8C5
514,17.133333333333333,968794,65,55,27,33,891,1782,1212,1228,32B63C70
515,17.166666666666668,970022,59,42,43,46,1978,3956,2217,2233,4072B964
516,17.2,972255,59,42,44,46,2024,4048,2196,2212,1D8BBC26
517,17.233333333333334,974467,68,71,27,17,459,918,413,429,A57F0A96
518,17.266666666666666,974896,59,40,45,47,2115,4230,2262,2278,63A03545
519,17.3,977174,60,40,43,48,2064,4128,2328,2344,7E51560F
520,17.333333333333332,979518,59,40,45,48,2160,4320,2405,2421,F957C0AF
521,17.366666666666667,981939,57,40,47,48,2256,4512,2419,2435,EC27F00B
522,17.4,984374,69,52,30,36,1080,2160,1338,1354,A7D204E7
523,17.433333333333334,985728,75,52,23,36,828,1656,977,993,9170F171
524,17.466666666666665,986721,57,40,48,48,2304,4608,2432,2448,E657DC07
525,17.5,989169,59,40,47,48,2256,4512,2403,2419,BF39E557
526,17.533333333333335,991588,62,40,45,48,2160,4320,2292,2308,DAEBA421
527,17.566666666666666,993896,63,40,45,48,2160,4320,2254,2270,2E341BE4
528,17.6,996166,64,41,44,47,2068,4136,2222,2238,CA7BDF40
529,17.633333333333333,998404,0,0,0,0,0,0,0,16,00000000
530,17.666666666666668,998420,64,41,45,47,2115,4230,2125,2141,D1095D76
531,17.7,1000561,75,53,32,19,608,1216,919,935,56EFE86B
532,17.733333333333334,1001496,65,42,44,44,1936,3872,2027,2043,E81DE5A1
533,17.766666666666666,1003539,65,42,44,46,2024,4048,2146,2162,8A180F3E
534,17.8,1005701,64,40,44,48,2112,4224,2223,2239,ACFC7625
535,17.833333333333332,1007940,94,42,9,21,189,378,295,311,9BE3B18A
536,17.866666666666667,1008251,64,40,44,48,2112,4224,2251,2267,6FA1691C
537,17.9,1010518,64,40,44,48,2112,4224,2313,2329,F02552B3
538,17.933333333333334,1012847,64,40,45,48,2160,4320,2451,2467,8124B6B6
539,17.966666666666665,1015314,66,60,44,27,1188,2376,1434,1450,4A6549C9
540,18.0,1016764,62,40,48,48,2304,4608,2466,2482,F56D550C
541,18.033333333333335,1019246,84,65,20,19,380,760,477,493,88A794A4
542,18.066666666666666,1019739,61,40,47,48,2256,4512,2464,2480,A197EBD1
543,18.1,1022219,60,40,47,48,2256,4512,2478,2494,0ACBE6C2
544,18.133333333333333,1024713,60,40,44,48,2112,4224,2397,2413,43471440
545,18.166666666666668,1027126,59,41,45,47,2115,4230,2377,2393,E47DC204
546,18.2,1029519,59,41,44,47,2068,4136,2253,2269,F29E8FD9
547,18.233333333333334,1031788,71,70,1,1,1,2,3,19,7CB457E7
548,18.266666666666666,1031807,65,55,28,20,560,1120,855,871,B9FB62FA
549,18.3,1032678,59,42,43,46,1978,3956,2204,2220,A3128E56
550,18.333333333333332,1034898,59,42,44,46,2024,4048,2198,2214,7E71828B
551,18.366666666666667,1037112,59,40,45,48,2160,4320,2272,2288,2BC2A8B9
552,18.4,1039400,60,40,43,48,2064,4128,2315,2331,D15AEE6E
553,18.433333333333334,1041731,65,50,19,30,570,1140,736,752,1CD1C373
554,18.466666666666665,1042483,58,40,46,48,2208,4416,2395,2411,3A575200
555,18.5,1044894,57,40,47,48,2256,4512,2420,2436,002FC6B1
556,18.533333333333335,1047330,69,54,30,17,510,1020,790,806,3551F8E7
557,18.566666666666666,1048136,57,40,48,48,2304,4608,2430,2446,0D709991
558,18.6,1050582,59,40,47,48,2256,4512,2399,2415,07B23F54
559,18.633333333333333,1052997,0,0,0,0,0,0,0,16,00000000
560,18.666666666666668,1053013,62,40,45,48,2160,4320,2305,2321,09F0791F
561,18.7,1055334,63,40,45,48,2160,4320,2267,2283,2F63B7F7
562,18.733333333333334,1057617,64,41,44,47,2068,4136,2249,2265,8866BE1A
563,18.766666666666666,1059882,64,41,45,47,2115,4230,2132,2148,48C672FB
564,18.8,1062030,76,56,31,32,992,1984,1205,1221,9D22255A
565,18.833333333333332,1063251,86,87,1,1,1,2,3,19,597D3910
566,18.866666666666667,1063270,65,42,44,46,2024,4048,2096,2112,EF21A326
567,18.9,1065382,65,42,44,46,2024,4048,2144,2160,7DAC6B6B
568,18.933333333333334,1067542,64,40,44,48,2112,4224,2242,2258,EB546B17
569,18.966666666666665,1069800,64,40,44,48,2112,4224,2269,2285,D636BE91
570,19.0,1072085,64,40,44,48,2112,4224,2315,2331,48EBFBA8
571,19.033333333333335,1074416,77,42,1,1,1,2,3,19,B5B3ACBE
572,19.066666666666666,1074435,64,40,45,48,2160,4320,2461,2477,DC71E677
573,19.1,1076912,66,59,44,27,1188,2376,1443,1459,3514D2C5
574,19.133333333333333,1078371,62,40,48,48,2304,4608,2454,2470,8FDA7F55
575,19.166666666666668,1080841,62,40,46,48,2208,4416,2443,2459,4B5D77C5
576,19.2,1083300,60,40,46,48,2208,4416,2454,2470,6502DB18
577,19.233333333333334,1085770,64,61,24,3,72,144,139,155,661BE8BF
578,19.266666666666666,1085925,60,40,44,48,2112,4224,2401,2417,17F853ED
579,19.3,1088342,59,41,45,47,2115,4230,2383,2399,FF92CFED
580,19.333333333333332,1090741,59,41,44,47,2068,4136,2263,2279,37FCC296
581,19.366666666666667,1093020,65,48,28,27,756,1512,1132,1148,EE4448E4
582,19.4,1094168,59,42,43,46,1978,3956,2206,2222,70A806DD
583,19.433333333333334,1096390,60,60,34,28,952,1904,1200,1216,F26C766A
584,19.466666666666665,1097606,59,42,44,46,2024,4048,2224,2240,0C3C2B5D
585,19.5,1099846,59,40,45,48,2160,4320,2274,2290,63A98EBD
586,19.533333333333335,1102136,60,40,43,48,2064,4128,2312,2328,F70677ED
587,19.566666666666666,1104464,58,40,46,48,2208,4416,2408,2424,9C94714A
588,19.6,1106888,57,40,47,48,2256,4512,2409,2425,E1B0E755
589,19.633333333333333,1109313,61,44,37,44,1628,3256,2066,2082,1B784896
590,19.666666666666668,1111395,59,54,40,34,1360,2720,1628,1644,19B0F5C6
591,19.7,1113039,57,40,48,48,2304,4608,2430,2446,695383FD
592,19.733333333333334,1115485,59,40,47,48,2256,4512,2404,2420,C848FA76
593,19.766666666666666,1117905,62,40,45,48,2160,4320,2301,2317,05943C42
594,19.8,1120222,63,40,45,48,2160,4320,2280,2296,EEF17C96
595,19.833333333333332,1122518,68,51,18,10,180,360,245,261,8D89695C
596,19.866666666666667,1122779,64,41,44,47,2068,4136,2236,2252,CCD43317
597,19.9,1125031,65,41,44,47,2068,4136,2098,2114,854E5818
598,19.933333333333334,1127145,75,56,32,22,704,1408,907,923,BD017737
599,19.966666666666665,1128068,65,42,44,45,1980,3960,2063,2079,F68514C2
600,20.0,1130147,65,42,44,46,2024,4048,2160,2176,592C810D
601,20.033333333333335,1132323,0,0,0,0,0,0,0,16,00000000
602,20.066666666666666,1132339,64,40,44,48,2112,4224,2205,2221,22BFACE7
603,20.1,1134560,64,40,44,48,2112,4224,2254,2270,A30023BF
604,20.133333333333333,1136830,64,40,44,48,2112,4224,2325,2341,49EDE51B
605,20.166666666666668,1139171,64,40,45,48,2160,4320,2464,2480,E3DE9565
606,20.2,1141651,65,56,45,30,1350,2700,1656,1672,5564A41E
607,20.233333333333334,1143323,96,79,1,1,1,2,3,19,D6317E26
608,20.266666666666666,1143342,62,40,48,48,2304,4608,2467,2483,4A724F69
609,20.3,1145825,62,40,46,48,2208,4416,2462,2478,2CED1315
610,20.333333333333332,1148303,60,40,47,48,2256,4512,2485,2501,197DD22D
611,20.366666666666667,1150804,60,40,44,48,2112,4224,2403,2419,BD4903B1
612,20.4,1153223,59,41,45,47,2115,4230,2351,2367,8398724F
613,20.433333333333334,1155590,95,45,1,1,1,2,3,19,D6317E26
614,20.466666666666665,1155609,59,41,44,47,2068,4136,2266,2282,89899F02
615,20.5,1157891,65,55,28,20,560,1120,877,893,2B5A57B8
616,20.533333333333335,1158784,59,42,43,46,1978,3956,2218,2234,786A7A73
617,20.566666666666666,1161018,59,42,44,46,2024,4048,2214,2230,A0E07CC1
618,20.6,1163248,59,40,44,48,2112,4224,2269,2285,3E7DB11C
619,20.633333333333333,1165533,68,44,19,38,722,1444,945,961,187F7F57
620,20.666666666666668,1166494,60,40,44,48,2112,4224,2337,2353,E78A5240
621,20.7,1168847,59,40,44,48,2112,4224,2394,2410,26EAA03C
622,20.733333333333334,1171257,57,40,47,48,2256,4512,2410,2426,BE4DAA95
623,20.766666666666666,1173683,59,44,40,37,1480,2960,1802,1818,2F03B645
624,20.8,1175501,57,40,48,48,2304,4608,2450,2466,C509A7B9
625,20.833333333333332,1177967,59,45,39,39,1521,3042,1860,1876,2FFB8F59
626,20.866666666666667,1179843,59,40,47,48,2256,4512,2413,2429,65F97D7C
627,20.9,1182272,62,40,45,48,2160,4320,2292,2308,4435FB2C
628,20.933333333333334,1184580,63,40,45,48,2160,4320,2274,2290,0763FBAD
629,20.966666666666665,1186870,64,41,44,47,2068,4136,2226,2242,3F8C1674
630,21.0,1189112,65,41,44,47,2068,4136,2123,2139,D0854162
631,21.033333333333335,1191251,74,48,24,40,960,1920,1189,1205,DAEBC329
632,21.066666666666666,1192456,74,48,33,24,792,1584,1185,1201,D6EC8DBE
633,21.1,1193657,65,42,44,46,2024,4048,2085,2101,92FE842F
634,21.133333333333333,1195758,65,42,44,46,2024,4048,2160,2176,592C810D
635,21.166666666666668,1197934,64,40,44,48,2112,4224,2213,2229,30E19BC6
636,21.2,1200163,64,40,44,47,2068,4136,2253,2269,39D07909
637,21.233333333333334,1202432,77,42,17,15,255,510,342,358,CA89B39A
638,21.266666666666666,1202790,64,40,44,48,2112,4224,2313,2329,F7A41323
639,21.3,1205119,64,40,45,48,2160,4320,2452,2468,4F5C2C93
640,21.333333333333332,1207587,71,60,39,28,1092,2184,1269,1285,C096CBE1
641,21.366666666666667,1208872,62,40,48,48,2304,4608,2484,2500,913FE0C8
642,21.4,1211372,61,40,47,48,2256,4512,2454,2470,CFEED1BA
643,21.433333333333334,1213842,76,58,1,1,1,2,3,19,BFB30299
644,21.466666666666665,1213861,60,40,46,48,2208,4416,2466,2482,07CE1D18
645,21.5,1216343,60,40,44,48,2112,4224,2404,2420,F64549D5
646,21.533333333333335,1218763,59,41,45,47,2115,4230,2373,2389,C1EA431C
647,21.566666666666666,1221152,59,41,44,47,2068,4136,2260,2276,9160453D
648,21.6,1223428,61,54,33,26,858,1716,1193,1209,62AAC150
649,21.633333333333333,1224637,61,62,29,3,87,174,155,171,6F5EFAEA
650,21.666666666666668,1224808,59,42,43,45,1935,3870,2198,2214,46B498F1
651,21.7,1227022,59,42,44,46,2024,4048,2201,2217,A450A116
652,21.733333333333334,1229239,59,40,44,48,2112,4224,2270,2286,C546830B
653,21.766666666666666,1231525,60,40,44,48,2112,4224,2337,2353,62444EF2
654,21.8,1233878,59,40,45,48,2160,4320,2389,2405,F33ECFFD
655,21.833333333333332,1236283,76,51,18,31,558,1116,663,679,7798992A
656,21.866666666666667,1236962,57,40,47,48,2256,4512,2421,2437,AF7727E0
657,21.9,1239399,65,48,34,31,1054,2108,1303,1319,8C5BAE5D
658,21.933333333333334,1240718,57,40,48,48,2304,4608,2430,2446,2342915D
659,21.966666666666665,1243164,59,40,47,48,2256,4512,2413,2429,C860B436
660,22.0,1245593,62,40,45,48,2160,4320,2301,2317,39074405
661,22.033333333333335,1247910,0,0,0,0,0,0,0,16,00000000
662,22.066666666666666,1247926,63,40,45,48,2160,4320,2276,2292,E2BB6C8D
663,22.1,1250218,64,41,44,47,2068,4136,2226,2242,1A6160C3
664,22.133333333333333,1252460,64,41,45,47,2115,4230,2123,2139,B588FACA
665,22.166666666666668,1254599,75,56,32,18,576,1152,835,851,36652789
666,22.2,1255450,65,42,44,46,2024,4048,2090,2106,F0DFD906
667,22.233333333333334,1257556,0,0,0,0,0,0,0,16,00000000
668,22.266666666666666,1257572,65,42,44,46,2024,4048,2160,2176,56F0BA11
669,22.3,1259748,64,40,44,48,2112,4224,2214,2230,09DD137B
670,22.333333333333332,1261978,64,40,44,48,2112,4224,2260,2276,F342281D
671,22.366666666666667,1264254,64,40,44,48,2112,4224,2313,2329,0D87D4D5
672,22.4,1266583,64,40,45,48,2160,4320,2456,2472,678661A4
673,22.433333333333334,1269055,67,60,10,3,30,60,61,77,E1D94F11
674,22.466666666666665,1269132,67,60,43,27,1161,2322,1415,1431,5469C744
675,22.5,1270563,62,40,48,48,2304,4608,2482,2498,112696CF
676,22.533333333333335,1273061,62,40,46,48,2208,4416,2468,2484,4AB3978E
677,22.566666666666666,1275545,60,40,46,48,2208,4416,2467,2483,E6FED490
678,22.6,1278028,60,40,44,48,2112,4224,2408,2424,3CCA36B1
679,22.633333333333333,1280452,68,81,26,5,130,260,217,233,4D67E3CA
680,22.666666666666668,1280685,59,41,45,47,2115,4230,2366,2382,BC434AD8
681,22.7,1283067,59,41,44,47,2068,4136,2239,2255,CC28FA73
682,22.733333333333334,1285322,65,55,27,20,540,1080,825,841,B7D3CA67
683,22.766666666666666,1286163,59,42,43,45,1935,3870,2184,2200,90743B8B
684,22.8,1288363,59,42,44,46,2024,4048,2207,2223,36040E92
685,22.833333333333332,1290586,68,44,18,42,756,1512,958,974,22FF1D2C
686,22.866666666666667,1291560,59,40,44,47,2068,4136,2252,2268,5FFB2C5C
687,22.9,1293828,60,40,44,48,2112,4224,2332,2348,033CAA6B
688,22.933333333333334,1296176,59,40,45,48,2160,4320,2401,2417,4CB70D5E
689,22.966666666666665,1298593,57,40,47,48,2256,4512,2423,2439,14D33CF3
690,23.0,1301032,59,54,43,26,1118,2236,1285,1301,7D6FC69A
691,23.033333333333335,1302333,59,68,10,12,120,240,48,64,4C9EFFA9
692,23.066666666666666,1302397,57,40,48,48,2304,4608,2434,2450,8C520873
693,23.1,1304847,59,40,47,48,2256,4512,2411,2427,88D567F5
694,23.133333333333333,1307274,62,40,45,48,2160,4320,2283,2299,C9F1C443
695,23.166666666666668,1309573,63,40,45,48,2160,4320,2264,2280,97D1F2E5
696,23.2,1311853,64,41,44,47,2068,4136,2210,2226,BEA5C334
697,23.233333333333334,1314079,77,85,1,1,1,2,3,19,EB91EC38
698,23.266666666666666,1314098,64,41,45,47,2115,4230,2125,2141,0761DF1E
699,23.3,1316239,72,44,35,30,1050,2100,1445,1461,8CF3C069
700,23.333333333333332,1317700,65,42,44,45,1980,3960,2065,2081,E7BA0DE5
701,23.366666666666667,1319781,65,42,44,46,2024,4048,2160,2176,592C810D
702,23.4,1321957,64,40,44,48,2112,4224,2228,2244,39131159
703,23.433333333333334,1324201,77,45,9,18,162,324,275,291,8AF039CB
704,23.466666666666665,1324492,64,40,44,48,2112,4224,2259,2275,D7CB2B1D
705,23.5,1326767,64,40,44,48,2112,4224,2320,2336,0B1A9412
706,23.533333333333335,1329103,64,40,45,48,2160,4320,2458,2474,9F5593D6
707,23.566666666666666,1331577,82,59,28,28,784,1568,972,988,C4DE0BF3
708,23.6,1332565,62,40,48,48,2304,4608,2464,2480,A6B16015
709,23.633333333333333,1335045,85,46,1,11,11,22,16,32,EC58D22D
710,23.666666666666668,1335077,62,40,46,48,2208,4416,2469,2485,674899AF
711,23.7,1337562,60,40,46,48,2208,4416,2467,2483,9E727241
712,23.733333333333334,1340045,60,40,44,48,2112,4224,2397,2413,14EBEC2C
713,23.766666666666666,1342458,59,41,45,47,2115,4230,2370,2386,60CCEFFB
714,23.8,1344844,59,41,44,47,2068,4136,2238,2254,AEF42640
715,23.833333333333332,1347098,59,49,36,9,324,648,435,451,65FFC9E4
716,23.866666666666667,1347549,59,51,36,37,1332,2664,1723,1739,E998DFB6
717,23.9,1349288,59,42,43,46,1978,3956,2213,2229,4F6757AC
718,23.933333333333334,1351517,59,42,44,46,2024,4048,2205,2221,29DD1DBD
719,23.966666666666665,1353738,59,40,44,48,2112,4224,2280,2296,09529BF6
720,24.0,1356034,60,40,44,48,2112,4224,2340,2356,6F862511
721,24.033333333333335,1358390,67,44,19,20,380,760,585,601,3E7DECA4
722,24.066666666666666,1358991,58,40,46,48,2208,4416,2401,2417,DD70EF0F
723,24.1,1361408,57,40,47,48,2256,4512,2430,2446,63157700
724,24.133333333333333,1363854,65,44,34,44,1496,2992,1910,1926,FF64408B
725,24.166666666666668,1365780,57,40,48,48,2304,4608,2408,2424,D9D63F00
726,24.2,1368204,59,40,47,48,2256,4512,2411,2427,F4879A3C
727,24.233333333333334,1370631,67,43,32,19,608,1216,911,927,5FD94667
728,24.266666666666666,1371558,62,40,45,48,2160,4320,2299,2315,6739C796
729,24.3,1373873,63,40,45,48,2160,4320,2281,2297,D4289B7A
730,24.333333333333332,1376170,64,41,44,47,2068,4136,2236,2252,E548E1D6
731,24.366666666666667,1378422,65,41,44,47,2068,4136,2096,2112,C2C45877
732,24.4,1380534,76,50,31,38,1178,2356,1444,1460,33664830
733,24.433333333333334,1381994,76,50,27,27,729,1458,927,943,638CAD90
734,24.466666666666665,1382937,65,42,44,46,2024,4048,2077,2093,DE925704
735,24.5,1385030,65,42,44,46,2024,4048,2160,2176,592C810D
736,24.533333333333335,1387206,64,40,44,48,2112,4224,2221,2237,9367F60D
737,24.566666666666666,1389443,64,40,44,47,2068,4136,2245,2261,04980E74
738,24.6,1391704,64,40,44,48,2112,4224,2329,2345,65ED2150
739,24.633333333333333,1394049,78,51,15,3,45,90,67,83,D3B2350D
740,24.666666666666668,1394132,64,40,45,48,2160,4320,2472,2488,42E4AD9E
741,24.7,1396620,82,44,28,44,1232,2464,1523,1539,100F8395
742,24.733333333333334,1398159,62,40,48,48,2304,4608,2474,2490,1477A587
743,24.766666666666666,1400649,62,40,46,48,2208,4416,2469,2485,AA3D3896
744,24.8,1403134,60,40,46,48,2208,4416,2479,2495,A1F81FBC
745,24.833333333333332,1405629,66,72,27,16,432,864,400,416,BBBD63CA
746,24.866666666666667,1406045,60,40,44,48,2112,4224,2399,2415,4E33DBE4
747,24.9,1408460,59,41,45,47,2115,4230,2383,2399,3C9B0092
748,24.933333333333334,1410859,59,41,44,47,2068,4136,2252,2268,952EF8B3
749,24.966666666666665,1413127,65,45,29,37,1073,2146,1461,1477,F587E2B6
750,25.0,1414604,59,42,43,46,1978,3956,2220,2236,E01A32C9
751,25.033333333333335,1416840,0,0,0,0,0,0,0,16,00000000
752,25.066666666666666,1416856,59,42,44,46,2024,4048,2212,2228,B0E78B66
753,25.1,1419084,59,40,44,47,2068,4136,2263,2279,B7D6E171
754,25.133333333333333,1421363,60,40,44,47,2068,4136,2341,2357,24488DC8
755,25.166666666666668,1423720,58,40,46,48,2208,4416,2380,2396,69D96FF3
756,25.2,1426116,57,40,47,48,2256,4512,2421,2437,AC0C819B
757,25.233333333333334,1428553,64,53,37,18,666,1332,1004,1020,756CA8B0
758,25.266666666666666,1429573,59,53,40,27,1080,2160,1278,1294,F1725317
759,25.3,1430867,57,40,48,48,2304,4608,2436,2452,FE557CF2
760,25.333333333333332,1433319,59,40,47,48,2256,4512,2403,2419,A8E415AE
761,25.366666666666667,1435738,62,40,45,48,2160,4320,2289,2305,8DB162E4
762,25.4,1438043,63,40,45,48,2160,4320,2265,2281,02DE0163
763,25.433333333333334,1440324,77,45,26,35,910,1820,1162,1178,C4D9CE61
764,25.466666666666665,1441502,64,41,44,47,2068,4136,2228,2244,D6661164
765,25.5,1443746,64,41,45,47,2115,4230,2109,2125,C94A2B28
766,25.533333333333335,1445871,75,44,31,28,868,1736,1252,1268,CFE456DF
767,25.566666666666666,1447139,65,42,44,45,1980,3960,2068,2084,3E1CB41C
768,25.6,1449223,65,42,44,46,2024,4048,2147,2163,57502DA6
769,25.633333333333333,1451386,74,47,25,24,600,1200,865,881,1BB71E44
770,25.666666666666668,1452267,64,40,44,48,2112,4224,2220,2236,D77890A9
771,25.7,1454503,64,40,44,48,2112,4224,2268,2284,0216E172
772,25.733333333333334,1456787,64,40,44,48,2112,4224,2309,2325,3F092EB7
773,25.766666666666666,1459112,64,40,45,48,2160,4320,2475,2491,BC55CBBA
774,25.8,1461603,82,60,28,26,728,1456,903,919,2F9FF766
775,25.833333333333332,1462522,93,66,10,19,190,380,299,315,25230363
776,25.866666666666667,1462837,62,40,48,48,2304,4608,2467,2483,601A0EAC
777,25.9,1465320,62,40,46,48,2208,4416,2471,2487,A9D9E3EE
778,25.933333333333334,1467807,60,40,46,48,2208,4416,2473,2489,9C498445
779,25.966666666666665,1470296,60,40,44,48,2112,4224,2389,2405,F32AF27B
780,26.0,1472701,59,41,45,47,2115,4230,2356,2372,ECB48378
781,26.033333333333335,1475073,97,62,1,1,1,2,3,19,6DE559CA
782,26.066666666666666,1475092,59,41,44,47,2068,4136,2263,2279,8EF77642
783,26.1,1477371,65,52,28,23,644,1288,957,973,8BE634B1
784,26.133333333333333,1478344,59,42,43,46,1978,3956,2220,2236,709B5B79
785,26.166666666666668,1480580,59,42,44,46,2024,4048,2206,2222,937DC79D
786,26.2,1482802,59,40,44,47,2068,4136,2261,2277,AF1D8B67
787,26.233333333333334,1485079,92,62,2,14,28,56,57,73,DE647144
788,26.266666666666666,1485152,60,40,44,47,2068,4136,2336,2352,A742E45B
789,26.3,1487504,59,40,45,48,2160,4320,2397,2413,7977C2C5
790,26.333333333333332,1489917,57,40,47,48,2256,4512,2433,2449,89FFBEC8
791,26.366666666666667,1492366,69,45,30,40,1200,2400,1558,1574,A2A14652
792,26.4,1493940,57,40,48,48,2304,4608,2429,2445,E43D1FE2
793,26.433333333333334,1496385,60,79,8,7,56,112,107,123,4098A1B3
794,26.466666666666665,1496508,59,40,47,48,2256,4512,2385,2401,0E70A303
795,26.5,1498909,62,40,45,48,2160,4320,2305,2321,587EC947
796,26.533333333333335,1501230,63,40,45,48,2160,4320,2276,2292,CBC9415E
797,26.566666666666666,1503522,64,41,44,47,2068,4136,2218,2234,EB6ECEF7
798,26.6,1505756,64,41,45,47,2115,4230,2109,2125,1C731C5D
799,26.633333333333333,1507881,82,44,17,27,459,918,681,697,D30070EB
800,26.666666666666668,1508578,75,56,32,16,512,1024,789,805,A6D5D6FE
801,26.7,1509383,65,42,44,45,1980,3960,2055,2071,951F340E
802,26.733333333333334,1511454,65,42,44,46,2024,4048,2155,2171,E621F39C
803,26.766666666666666,1513625,64,40,44,48,2112,4224,2213,2229,F1BEBA2C
804,26.8,1515854,64,40,44,48,2112,4224,2266,2282,3547B91B
805,26.833333333333332,1518136,85,56,7,30,210,420,219,235,90328D02
806,26.866666666666667,1518371,64,40,44,48,2112,4224,2313,2329,56E2E16F
807,26.9,1520700,64,40,45,48,2160,4320,2467,2483,6F0F03D5
808,26.933333333333334,1523183,68,54,42,32,1344,2688,1675,1691,CA3CF739
809,26.966666666666665,1524874,62,40,48,48,2304,4608,2479,2495,36B5DC07
810,27.0,1527369,61,40,47,48,2256,4512,2468,2484,F2AE2CA5
811,27.033333333333335,1529853,68,45,26,35,910,1820,1219,1235,2FB0E13A
812,27.066666666666666,1531088,60,40,46,48,2208,4416,2460,2476,71E84D4D
813,27.1,1533564,60,40,44,48,2112,4224,2400,2416,AA811A20
814,27.133333333333333,1535980,59,41,45,47,2115,4230,2369,2385,179920F7
815,27.166666666666668,1538365,59,41,44,47,2068,4136,2261,2277,3E93C9BB
816,27.2,1540642,65,54,37,34,1258,2516,1596,1612,8C144067
817,27.233333333333334,1542254,0,0,0,0,0,0,0,16,00000000
818,27.266666666666666,1542270,59,42,43,45,1935,3870,2185,2201,74C03225
819,27.3,1544471,59,42,44,46,2024,4048,2233,2249,01D14038
820,27.333333333333332,1546720,59,40,45,47,2115,4230,2260,2276,360EA274
821,27.366666666666667,1548996,60,40,43,48,2064,4128,2333,2349,5079F607
822,27.4,1551345,59,40,45,48,2160,4320,2393,2409,934E1B69
823,27.433333333333334,1553754,76,46,1,1,1,2,3,19,D6317E26
824,27.466666666666665,1553773,57,40,47,48,2256,4512,2428,2444,14BEFF3C
825,27.5,1556217,64,54,35,19,665,1330,919,935,335A812C
826,27.533333333333335,1557152,57,40,48,48,2304,4608,2428,2444,3B526C21
827,27.566666666666666,1559596,59,40,47,48,2256,4512,2415,2431,EB71104D
828,27.6,1562027,62,40,45,48,2160,4320,2300,2316,9169843E
829,27.633333333333333,1564343,76,56,19,26,494,988,440,456,9ADA29D2
830,27.666666666666668,1564799,63,40,45,48,2160,4320,2274,2290,D1FF02A8
831,27.7,1567089,64,41,44,47,2068,4136,2216,2232,FF93CF5E
832,27.733333333333334,1569321,64,41,45,47,2115,4230,2120,2136,B57E1592
833,27.766666666666666,1571457,75,56,32,18,576,1152,829,845,4CC708D4
834,27.8,1572302,65,42,44,45,1980,3960,2061,2077,FD078A9A
835,27.833333333333332,1574379,77,45,31,43,1333,2666,1615,1631,C8CB025C
836,27.866666666666667,1576010,65,42,44,46,2024,4048,2154,2170,D8B441D0
837,27.9,1578180,64,40,44,48,2112,4224,2236,2252,9997655E
838,27.933333333333334,1580432,64,40,44,47,2068,4136,2254,2270,5A01C8D2
839,27.966666666666665,1582702,64,40,44,48,2112,4224,2327,2343,421819E4
840,28.0,1585045,64,40,45,48,2160,4320,2483,2499,B7B113A4
841,28.033333333333335,1587544,72,61,24,10,240,480,397,413,C4C05B2E
842,28.066666666666666,1587957,72,59,38,27,1026,2052,1228,1244,31976661
843,28.1,1589201,62,40,48,48,2304,4608,2464,2480,94F1DDCC
844,28.133333333333333,1591681,61,40,47,48,2256,4512,2470,2486,23BE4491
845,28.166666666666668,1594167,60,40,47,48,2256,4512,2459,2475,3EC5668B
846,28.2,1596642,60,40,44,48,2112,4224,2397,2413,8291DC00
847,28.233333333333334,1599055,87,62,13,9,117,234,189,205,DACADA72
848,28.266666666666666,1599260,59,41,45,47,2115,4230,2369,2385,9587D319
849,28.3,1601645,59,41,44,47,2068,4136,2263,2279,21AF8302
850,28.333333333333332,1603924,65,55,28,33,924,1848,1260,1276,248538D2
851,28.366666666666667,1605200,59,42,43,46,1978,3956,2210,2226,E8D46428
852,28.4,1607426,59,42,44,46,2024,4048,2203,2219,F98261FE
853,28.433333333333334,1609645,68,44,26,31,806,1612,1147,1163,6C593028
854,28.466666666666665,1610808,59,40,44,48,2112,4224,2275,2291,E531DDE6
855,28.5,1613099,60,40,44,47,2068,4136,2337,2353,909AE0C0
856,28.533333333333335,1615452,59,40,45,48,2160,4320,2399,2415,8A0E3A4E
857,28.566666666666666,1617867,57,40,47,48,2256,4512,2410,2426,C2CE2909
858,28.6,1620293,62,46,37,42,1554,3108,1957,1973,A8C9A317
859,28.633333333333333,1622266,93,46,1,1,1,2,3,19,8F06FD70
860,28.666666666666668,1622285,57,40,48,48,2304,4608,2424,2440,1643CB67
861,28.7,1624725,59,40,47,48,2256,4512,2401,2417,C283CEA0
862,28.733333333333334,1627142,62,40,45,48,2160,4320,2291,2307,CB72C14D
863,28.766666666666666,1629449,63,40,45,48,2160,4320,2264,2280,99556F98
864,28.8,1631729,64,41,44,47,2068,4136,2230,2246,1CA3E9E3
865,28.833333333333332,1633975,86,45,15,36,540,1080,637,653,E6A08A37
866,28.866666666666667,1634628,64,41,45,47,2115,4230,2123,2139,4DE6AFB1
867,28.9,1636767,75,45,33,29,957,1914,1339,1355,86C28917
868,28.933333333333334,1638122,65,42,44,44,1936,3872,2015,2031,23A333EA
869,28.966666666666665,1640153,65,42,44,46,2024,4048,2155,2171,51F60399
870,29.0,1642324,64,40,44,48,2112,4224,2208,2224,75ACF20B
871,29.033333333333335,1644548,77,44,23,19,437,874,696,712,3DF79FAD
872,29.066666666666666,1645260,64,40,44,48,2112,4224,2267,2283,ACBF2F86
873,29.1,1647543,64,40,44,48,2112,4224,2332,2348,5DC8C7DF
874,29.133333333333333,1649891,64,40,45,48,2160,4320,2466,2482,4E8F33EC
875,29.166666666666668,1652373,82,60,28,26,728,1456,901,917,C2326FDF
876,29.2,1653290,62,40,48,48,2304,4608,2470,2486,A350A220
877,29.233333333333334,1655776,102,53,1,1,1,2,3,19,383EC47B
878,29.266666666666666,1655795,62,40,46,48,2208,4416,2453,2469,7EEE4017
879,29.3,1658264,60,40,46,48,2208,4416,2470,2486,F343CCA2
880,29.333333333333332,1660750,60,40,44,48,2112,4224,2397,2413,2C7FC61D
881,29.366666666666667,1663163,59,41,45,47,2115,4230,2382,2398,7705F7B5
882,29.4,1665561,59,41,44,47,2068,4136,2267,2283,C65E4B23
883,29.433333333333334,1667844,0,0,0,0,0,0,0,16,00000000
884,29.466666666666665,1667860,60,43,34,32,1088,2176,1562,1578,73009140
885,29.5,1669438,59,42,43,46,1978,3956,2216,2232,81EDF3D2
886,29.533333333333335,1671670,59,42,44,46,2024,4048,2194,2210,51F40C12
887,29.566666666666666,1673880,59,40,45,47,2115,4230,2279,2295,70CEA184
888,29.6,1676175,60,40,44,47,2068,4136,2327,2343,DEA06948
889,29.633333333333333,1678518,61,60,42,3,126,252,227,243,B70A93CD
890,29.666666666666668,1678761,59,40,45,48,2160,4320,2385,2401,498ADAF1
891,29.7,1681162,57,40,47,48,2256,4512,2409,2425,0B5B22DF
892,29.733333333333334,1683587,59,54,40,34,1360,2720,1636,1652,E22F3347
893,29.766666666666666,1685239,57,40,48,48,2304,4608,2424,2440,73818540
894,29.8,1687679,59,40,47,48,2256,4512,2409,2425,92F48FB1
895,29.833333333333332,1690104,66,62,1,1,1,2,3,19,074615A0
896,29.866666666666667,1690123,62,40,45,48,2160,4320,2285,2301,AB890D5C
897,29.9,1692424,63,40,45,48,2160,4320,2264,2280,78D8B714
898,29.933333333333334,1694704,64,41,44,47,2068,4136,2228,2244,9EA852E3
899,29.966666666666665,1696948,64,41,45,47,2115,4230,2124,2140,C1B24E20
900,30.0,1699088,66,44,43,44,1892,3784,2083,2099,910F4D04
901,30.033333333333335,1701187,68,61,33,8,264,528,435,451,F9F354E0
902,30.066666666666666,1701638,65,42,44,44,1936,3872,2034,2050,9BF05304
903,30.1,1703688,65,42,44,46,2024,4048,2161,2177,CD1BA3B0
904,30.133333333333333,1705865,64,40,44,48,2112,4224,2221,2237,43BECE8A
905,30.166666666666668,1708102,64,40,44,48,2112,4224,2271,2287,C69D5440
906,30.2,1710389,64,40,44,48,2112,4224,2315,2331,97DBC388
907,30.233333333333334,1712720,66,54,41,13,533,1066,853,869,FC700572
908,30.266666666666666,1713589,64,40,45,48,2160,4320,2451,2467,2F7803E0
909,30.3,1716056,72,45,38,42,1596,3192,1976,1992,BDA789F6
910,30.333333333333332,1718048,62,40,48,48,2304,4608,2460,2476,CC3833F1
911,30.366666666666667,1720524,62,40,46,48,2208,4416,2448,2464,0391AAC3
912,30.4,1722988,60,40,46,48,2208,4416,2471,2487,54535406
913,30.433333333333334,1725475,67,68,27,9,243,486,231,247,6D13A82B
914,30.466666666666665,1725722,60,40,44,48,2112,4224,2397,2413,AE2752DA
915,30.5,1728135,59,41,45,47,2115,4230,2362,2378,27A8506F
916,30.533333333333335,1730513,59,41,44,47,2068,4136,2255,2271,B02BEFA8
917,30.566666666666666,1732784,64,45,29,38,1102,2204,1502,1518,31D9CEC1
918,30.6,1734302,59,42,43,46,1978,3956,2218,2234,D43C08FA
919,30.633333333333333,1736536,83,61,12,12,144,288,275,291,E4B5E9B9
920,30.666666666666668,1736827,59,42,44,46,2024,4048,2204,2220,2035E093
921,30.7,1739047,59,40,44,48,2112,4224,2270,2286,F21A827C
922,30.733333333333334,1741333,60,40,44,47,2068,4136,2329,2345,80C494E8
923,30.766666666666666,1743678,58,40,46,48,2208,4416,2405,2421,E46F952C
924,30.8,1746099,57,40,47,48,2256,4512,2439,2455,7F4ECEC9
925,30.833333333333332,1748554,69,80,1,1,1,2,3,19,BC8F855C
926,30.866666666666667,1748573,69,54,30,19,570,1140,820,836,924C57A9
927,30.9,1749409,57,40,48,48,2304,4608,2424,2440,6890279D
928,30.933333333333334,1751849,59,40,47,48,2256,4512,2421,2437,B2DB85DC
929,30.966666666666665,1754286,62,40,45,48,2160,4320,2283,2299,84FE4709
930,31.0,1756585,63,40,45,48,2160,4320,2265,2281,ACDBC190
931,31.033333333333335,1758866,74,70,25,10,250,500,129,145,D6D1860E
932,31.066666666666666,1759011,64,41,44,47,2068,4136,2251,2267,F2B8538D
933,31.1,1761278,64,41,45,47,2115,4230,2140,2156,CEFDE956
934,31.133333333333333,1763434,70,52,37,20,740,1480,1080,1096,2799EC33
935,31.166666666666668,1764530,65,42,44,45,1980,3960,2061,2077,79F918EB
936,31.2,1766607,65,42,44,46,2024,4048,2161,2177,0C63E9DB
937,31.233333333333334,1768784,67,55,35,26,910,1820,1073,1089,EAA88D10
938,31.266666666666666,1769873,64,40,44,48,2112,4224,2225,2241,A3690844
939,31.3,1772114,64,40,44,47,2068,4136,2238,2254,7B03CCCA
940,31.333333333333332,1774368,64,40,44,48,2112,4224,2321,2337,502A87EF
941,31.366666666666667,1776705,64,40,45,48,2160,4320,2485,2501,19727996
942,31.4,1779206,69,60,41,28,1148,2296,1402,1418,BA4365B8
943,31.433333333333334,1780624,105,62,1,1,1,2,3,19,7C005C59
944,31.466666666666665,1780643,62,40,48,48,2304,4608,2449,2465,2E46CB0E
945,31.5,1783108,62,40,46,48,2208,4416,2457,2473,6D15EC1A
946,31.533333333333335,1785581,60,40,47,48,2256,4512,2464,2480,E95D7492
947,31.566666666666666,1788061,60,40,44,48,2112,4224,2402,2418,22815814
948,31.6,1790479,59,41,45,47,2115,4230,2372,2388,1266E073
949,31.633333333333333,1792867,68,48,26,37,962,1924,1290,1306,D91BB218
950,31.666666666666668,1794173,59,41,44,47,2068,4136,2259,2275,98CAB171
951,31.7,1796448,65,43,34,32,1088,2176,1547,1563,FAC620FA
952,31.733333333333334,1798011,59,42,43,45,1935,3870,2194,2210,CC3C64E0
953,31.766666666666666,1800221,59,42,44,46,2024,4048,2201,2217,7EAD5388
954,31.8,1802438,59,40,44,48,2112,4224,2278,2294,100AED96
955,31.833333333333332,1804732,0,0,0,0,0,0,0,16,00000000
956,31.866666666666667,1804748,60,40,44,48,2112,4224,2334,2350,00A43E39
957,31.9,1807098,58,40,46,48,2208,4416,2382,2398,400FA3CF
958,31.933333333333334,1809496,57,40,47,48,2256,4512,2424,2440,E6B77E3D
959,31.966666666666665,1811936,59,44,40,36,1440,2880,1764,1780,603AC632
960,32.0,1813716,57,40,48,48,2304,4608,2434,2450,C6338AE8
961,32.03333333333333,1816166,59,44,44,40,1760,3520,2104,2120,B7186792
962,32.06666666666667,1818286,59,40,47,48,2256,4512,2411,2427,BDE939C4
963,32.1,1820713,62,40,45,48,2160,4320,2275,2291,5ED3E6D4
964,32.13333333333333,1823004,63,40,45,48,2160,4320,2269,2285,C8AD959A
965,32.166666666666664,1825289,64,41,44,47,2068,4136,2251,2267,AD0F760A
966,32.2,1827556,64,41,45,47,2115,4230,2134,2150,5096838F
967,32.233333333333334,1829706,102,66,1,1,1,2,3,19,F9DABCE0
968,32.266666666666666,1829725,67,45,41,29,1189,2378,1599,1615,7463F5AF
969,32.3,1831340,65,42,44,46,2024,4048,2086,2102,AF71FA73
970,32.333333333333336,1833442,65,42,44,46,2024,4048,2145,2161,AA2705F6
971,32.36666666666667,1835603,64,40,44,48,2112,4224,2222,2238,583DB540
972,32.4,1837841,64,40,44,48,2112,4224,2288,2304,77260D8A
973,32.43333333333333,1840145,68,45,30,19,570,1140,870,886,77404E98
974,32.46666666666667,1841031,64,40,44,48,2112,4224,2318,2334,17502460
975,32.5,1843365,64,40,45,48,2160,4320,2465,2481,1B12F879
976,32.53333333333333,1845846,68,43,42,45,1890,3780,2341,2357,7D257A58
977,32.56666666666667,1848203,62,40,48,48,2304,4608,2466,2482,A6CB9FA0
978,32.6,1850685,62,40,46,48,2208,4416,2471,2487,5E83E58C
979,32.63333333333333,1853172,68,71,27,17,459,918,422,438,80B67439
980,32.666666666666664,1853610,60,40,47,48,2256,4512,2481,2497,53B78F72
981,32.7,1856107,60,40,44,48,2112,4224,2405,2421,B2BDE2DE
982,32.733333333333334,1858528,59,41,45,47,2115,4230,2377,2393,9813B9EA
983,32.766666666666666,1860921,59,41,44,47,2068,4136,2262,2278,27C3AE2F
984,32.8,1863199,65,55,29,29,841,1682,1133,1149,0546DAE8
985,32.833333333333336,1864348,0,0,0,0,0,0,0,16,00000000
986,32.86666666666667,1864364,59,42,43,45,1935,3870,2197,2213,CD5F0F8A
987,32.9,1866577,59,42,44,46,2024,4048,2186,2202,E79EF6BA
988,32.93333333333333,1868779,59,40,44,47,2068,4136,2261,2277,646D5795
989,32.96666666666667,1871056,60,40,44,47,2068,4136,2323,2339,49A2BB05
990,33.0,1873395,59,40,45,48,2160,4320,2376,2392,26360909
991,33.03333333333333,1875787,68,64,26,24,624,1248,669,685,760033AE
992,33.06666666666667,1876472,57,40,47,48,2256,4512,2425,2441,1DC56104
993,33.1,1878913,59,46,40,36,1440,2880,1751,1767,50723E70
994,33.13333333333333,1880680,57,40,48,48,2304,4608,2428,2444,B63B69AB
995,33.166666666666664,1883124,59,40,47,48,2256,4512,2397,2413,042068BA
996,33.2,1885537,62,40,45,48,2160,4320,2293,2309,BA1B2584
997,33.233333333333334,1887846,0,0,0,0,0,0,0,16,00000000
998,33.266666666666666,1887862,63,40,45,48,2160,4320,2260,2276,1BA09028
999,33.3,1890138,64,41,44,47,2068,4136,2251,2267,AD0F760A
1000,33.333333333333336,1892405,64,41,45,47,2115,4230,2122,2138,C8B8EDEB
1001,33.36666666666667,1894543,74,56,33,17,561,1122,837,853,ACD41863
1002,33.4,1895396,65,42,44,45,1980,3960,2058,2074,3776A2BD
1003,33.43333333333333,1897470,77,62,26,3,78,156,145,161,9B7EB441
1004,33.46666666666667,1897631,65,42,44,46,2024,4048,2152,2168,D1361711
1005,33.5,1899799,64,40,44,48,2112,4224,2227,2243,CFFFB5CE
1006,33.53333333333333,1902042,64,40,44,48,2112,4224,2275,2291,975EBBF4
1007,33.56666666666667,1904333,64,40,44,48,2112,4224,2303,2319,B3AA8338
1008,33.6,1906652,64,40,45,48,2160,4320,2457,2473,57EF5F43
1009,33.63333333333333,1909125,64,60,1,1,1,2,3,19,D09BA758
1010,33.666666666666664,1909144,82,60,28,26,728,1456,907,923,5EEB3776
1011,33.7,1910067,62,40,48,48,2304,4608,2455,2471,AFFBE5B3
1012,33.733333333333334,1912538,62,40,46,48,2208,4416,2465,2481,0EE53D84
1013,33.766666666666666,1915019,60,40,47,48,2256,4512,2457,2473,99671468
1014,33.8,1917492,60,40,44,48,2112,4224,2387,2403,E3C68D54
1015,33.833333333333336,1919895,84,62,1,1,1,2,3,19,0C771FC6
1016,33.86666666666667,1919914,59,41,45,47,2115,4230,2368,2384,A64FF682
1017,33.9,1922298,59,41,44,47,2068,4136,2269,2285,FD349073
1018,33.93333333333333,1924583,65,55,28,20,560,1120,861,877,A3C3F4D2
1019,33.96666666666667,1925460,59,42,43,45,1935,3870,2199,2215,97E008DA
1020,34.0,1927675,59,42,44,46,2024,4048,2194,2210,2A2B008D
1021,34.03333333333333,1929885,67,44,32,27,864,1728,1319,1335,721675CE
1022,34.06666666666667,1931220,59,40,44,48,2112,4224,2273,2289,ADF030AC
1023,34.1,1933509,60,40,44,48,2112,4224,2344,2360,9F1672E1
1024,34.13333333333333,1935869,59,40,45,48,2160,4320,2383,2399,7E3736D4
1025,34.166666666666664,1938268,57,40,47,48,2256,4512,2420,2436,15BF7525
1026,34.2,1940704,59,44,40,44,1760,3520,2188,2204,1F33C38E
1027,34.233333333333334,1942908,59,44,27,36,972,1944,1168,1184,3A5D8DE7
1028,34.266666666666666,1944092,57,40,48,48,2304,4608,2418,2434,486671C4
1029,34.3,1946526,59,40,47,48,2256,4512,2407,2423,4CE1AC14
1030,34.333333333333336,1948949,62,40,45,48,2160,4320,2291,2307,D1FA7E84
1031,34.36666666666667,1951256,63,40,45,48,2160,4320,2271,2287,68D30D44
1032,34.4,1953543,64,41,44,47,2068,4136,2251,2267,C3E9304B
1033,34.43333333333333,1955810,0,0,0,0,0,0,0,16,00000000
1034,34.46666666666667,1955826,64,41,45,47,2115,4230,2109,2125,ECAA40CC
1035,34.5,1957951,75,56,32,23,736,1472,929,945,1BFB235E
1036,34.53333333333333,1958896,65,42,44,44,1936,3872,2034,2050,B60E758A
1037,34.56666666666667,1960946,65,42,44,46,2024,4048,2158,2174,E8BB5522
1038,34.6,1963120,64,40,44,48,2112,4224,2231,2247,1F1DA449
1039,34.63333333333333,1965367,72,44,21,2,42,84,73,89,37FAD6CE
1040,34.666666666666664,1965456,64,40,44,47,2068,4136,2244,2260,55DEFC52
1041,34.7,1967716,64,40,44,48,2112,4224,2322,2338,6DFC9C04
1042,34.733333333333334,1970054,64,40,45,48,2160,4320,2457,2473,BD7DE613
1043,34.766666666666666,1972527,69,58,41,30,1230,2460,1511,1527,CE4D3A98
1044,34.8,1974054,62,40,48,48,2304,4608,2470,2486,6CA5E13C
1045,34.833333333333336,1976540,76,54,1,1,1,2,3,19,C5AF8470
1046,34.86666666666667,1976559,62,40,46,48,2208,4416,2467,2483,AA96E821
1047,34.9,1979042,60,40,47,48,2256,4512,2486,2502,926B88A9
1048,34.93333333333333,1981544,60,40,44,48,2112,4224,2393,2409,F3FC1D91
1049,34.96666666666667,1983953,59,41,45,47,2115,4230,2369,2385,8A3F99AE
1050,35.0,1986338,59,41,44,47,2068,4136,2268,2284,13C344B2
1051,35.03333333333333,1988622,67,47,19,27,513,1026,836,852,E6840FCC
1052,35.06666666666667,1989474,65,47,29,34,986,1972,1352,1368,DAF52341
1053,35.1,1990842,59,42,43,45,1935,3870,2187,2203,F6ABDBC9
1054,35.13333333333333,1993045,59,42,44,46,2024,4048,2217,2233,BF948046
1055,35.166666666666664,1995278,59,40,44,47,2068,4136,2266,2282,4EB4697B
1056,35.2,1997560,60,40,44,48,2112,4224,2327,2343,68C053CC
1057,35.233333333333334,1999903,68,46,19,37,703,1406,897,913,77F83EDB
1058,35.266666666666666,2000816,59,40,45,48,2160,4320,2389,2405,687D6F4B
1059,35.3,2003221,57,40,47,48,2256,4512,2425,2441,E3B81FB3
1060,35.333333333333336,2005662,59,42,39,44,1716,3432,2122,2138,054A74EB
1061,35.36666666666667,2007800,57,40,48,48,2304,4608,2446,2462,673E0375
1062,35.4,2010262,59,40,47,48,2256,4512,2405,2421,BBBFFD11
1063,35.43333333333333,2012683,0,0,0,0,0,0,0,16,00000000
1064,35.46666666666667,2012699,62,40,45,48,2160,4320,2309,2325,41F35366
1065,35.5,2015024,63,40,45,48,2160,4320,2272,2288,55E46D74
1066,35.53333333333333,2017312,64,41,44,47,2068,4136,2227,2243,1492EF98
1067,35.56666666666667,2019555,64,41,45,47,2115,4230,2140,2156,071B099E
1068,35.6,2021711,75,50,32,38,1216,2432,1517,1533,E994CA0A
1069,35.63333333333333,2023244,75,50,30,21,630,1260,952,968,1CF57F42
1070,35.666666666666664,2024212,65,42,44,46,2024,4048,2088,2104,4D07430C
1071,35.7,2026316,65,42,44,46,2024,4048,2164,2180,9D16D56E
1072,35.733333333333334,2028496,64,40,44,48,2112,4224,2236,2252,6C292922
1073,35.766666666666666,2030748,64,40,44,48,2112,4224,2272,2288,CD8FD9A9
1074,35.8,2033036,64,40,44,48,2112,4224,2321,2337,B87A4E91
1075,35.833333333333336,2035373,76,52,21,36,756,1512,887,903,E185B670
1076,35.86666666666667,2036276,64,40,45,48,2160,4320,2463,2479,8BE66D23
1077,35.9,2038755,72,60,38,27,1026,2052,1204,1220,5A29636E
1078,35.93333333333333,2039975,62,40,48,48,2304,4608,2470,2486,ED5735ED
1079,35.96666666666667,2042461,62,40,46,48,2208,4416,2441,2457,E58A832E
1080,36.0,2044918,60,40,47,48,2256,4512,2481,2497,43128F02
1081,36.03333333333333,2047415,76,53,18,24,432,864,609,625,BB395789
1082,36.06666666666667,2048040,60,40,44,48,2112,4224,2395,2411,4270FFFD
1083,36.1,2050451,59,41,45,47,2115,4230,2373,2389,DDAB294A
1084,36.13333333333333,2052840,59,41,44,47,2068,4136,2268,2284,01FC693E
1085,36.166666666666664,2055124,65,55,29,20,580,1160,881,897,5B460BC3
1086,36.2,2056021,59,42,43,45,1935,3870,2204,2220,DCA14AFD
1087,36.233333333333334,2058241,59,45,17,16,272,544,397,413,5D0EF5CC
1088,36.266666666666666,2058654,59,42,44,46,2024,4048,2215,2231,733C153A
1089,36.3,2060885,59,40,45,47,2115,4230,2275,2291,46478640
1090,36.333333333333336,2063176,60,40,43,47,2021,4042,2315,2331,B285AA37
1091,36.36666666666667,2065507,58,40,46,48,2208,4416,2401,2417,7D83109E
1092,36.4,2067924,57,40,47,48,2256,4512,2424,2440,F15DE038
1093,36.43333333333333,2070364,59,80,12,8,96,192,165,181,F04B4ECD
1094,36.46666666666667,2070545,70,54,33,17,561,1122,885,901,1BFC061A
1095,36.5,2071446,57,40,48,48,2304,4608,2442,2458,CE93C6FC
1096,36.53333333333333,2073904,59,40,47,48,2256,4512,2406,2422,6551D490
1097,36.56666666666667,2076326,62,40,45,48,2160,4320,2285,2301,25124B4D
1098,36.6,2078627,63,40,45,48,2160,4320,2271,2287,105B9A6A
1099,36.63333333333333,2080914,76,51,22,37,814,1628,888,904,65DAA3CE
1100,36.666666666666664,2081818,64,41,44,47,2068,4136,2253,2269,2D69AD5B
1101,36.7,2084087,64,41,45,47,2115,4230,2118,2134,93E3606E
1102,36.733333333333334,2086221,68,45,39,43,1677,3354,1955,1971,6FF9B9AB
1103,36.766666666666666,2088192,65,42,44,45,1980,3960,2046,2062,D2BA91E1
1104,36.8,2090254,65,42,44,46,2024,4048,2167,2183,4429B738
1105,36.833333333333336,2092437,0,0,0,0,0,0,0,16,00000000
1106,36.86666666666667,2092453,64,40,44,48,2112,4224,2222,2238,9C9B2A8A
1107,36.9,2094691,64,40,44,47,2068,4136,2253,2269,FE375A1A
1108,36.93333333333333,2096960,64,40,44,48,2112,4224,2320,2336,4DC53B3D
1109,36.96666666666667,2099296,64,40,45,48,2160,4320,2470,2486,EFE5ECF7
1110,37.0,2101782,82,60,28,28,784,1568,936,952,3E85537E
1111,37.03333333333333,2102734,98,79,7,3,21,42,33,49,37CE32D6
1112,37.06666666666667,2102783,62,40,48,48,2304,4608,2468,2484,9382F157
1113,37.1,2105267,62,40,46,48,2208,4416,2450,2466,DBC34B15
1114,37.13333333333333,2107733,60,40,47,48,2256,4512,2471,2487,A826AE02
1115,37.166666666666664,2110220,60,40,44,48,2112,4224,2403,2419,840B894B
1116,37.2,2112639,59,41,45,47,2115,4230,2361,2377,45CA5546
1117,37.233333333333334,2115016,85,70,1,1,1,2,3,19,951A25D4
1118,37.266666666666666,2115035,59,41,44,47,2068,4136,2268,2284,44BECD26
1119,37.3,2117319,65,55,29,20,580,1160,883,899,3FB13E1A
1120,37.333333333333336,2118218,59,42,43,45,1935,3870,2198,2214,31997536
1121,37.36666666666667,2120432,59,42,44,46,2024,4048,2198,2214,F77B08B4
1122,37.4,2122646,59,40,44,47,2068,4136,2263,2279,D880811F
1123,37.43333333333333,2124925,77,63,1,1,1,2,3,19,377D54A6
1124,37.46666666666667,2124944,60,40,44,47,2068,4136,2328,2344,C23D0730
1125,37.5,2127288,58,40,46,48,2208,4416,2381,2397,C1502B4D
1126,37.53333333333333,2129685,57,40,47,48,2256,4512,2410,2426,957EDA7E
1127,37.56666666666667,2132111,70,54,29,17,493,986,762,778,CFCE3C19
1128,37.6,2132889,57,40,48,48,2304,4608,2442,2458,7A7A4AC8
1129,37.63333333333333,2135347,0,0,0,0,0,0,0,16,00000000
1130,37.666666666666664,2135363,59,40,47,48,2256,4512,2415,2431,EF19889E
1131,37.7,2137794,62,40,45,48,2160,4320,2285,2301,1332163A
1132,37.733333333333334,2140095,63,40,45,48,2160,4320,2262,2278,4092176C
1133,37.766666666666666,2142373,64,41,44,47,2068,4136,2251,2267,21958526
1134,37.8,2144640,64,41,45,47,2115,4230,2116,2132,F9D9188D
1135,37.833333333333336,2146772,68,57,33,14,462,924,725,741,53CE913F
1136,37.86666666666667,2147513,76,56,31,32,992,1984,1199,1215,D10D0D9B
1137,37.9,2148728,65,42,44,45,1980,3960,2061,2077,A2379051
1138,37.93333333333333,2150805,65,42,44,46,2024,4048,2153,2169,7D686CD2
1139,37.96666666666667,2152974,64,40,44,48,2112,4224,2219,2235,700B7582
1140,38.0,2155209,64,40,44,47,2068,4136,2236,2252,D72626B1
1141,38.03333333333333,2157461,97,87,1,1,1,2,3,19,52E454A9
1142,38.06666666666667,2157480,64,40,44,48,2112,4224,2313,2329,B7F36384
1143,38.1,2159809,64,40,45,48,2160,4320,2461,2477,DBC432E9
1144,38.13333333333333,2162286,68,45,42,43,1806,3612,2265,2281,379EEF4C
1145,38.166666666666664,2164567,62,40,48,48,2304,4608,2472,2488,4C8DBD13
1146,38.2,2167055,62,40,46,48,2208,4416,2468,2484,51F5C097
1147,38.233333333333334,2169539,67,65,2,18,36,72,73,89,B434F737
1148,38.266666666666666,2169628,60,40,47,48,2256,4512,2456,2472,2EDC821C
1149,38.3,2172100,60,40,44,48,2112,4224,2403,2419,109B36F5
1150,38.333333333333336,2174519,59,41,45,47,2115,4230,2351,2367,934258FF
1151,38.36666666666667,2176886,59,41,44,47,2068,4136,2266,2282,75F0224D
1152,38.4,2179168,65,56,29,31,899,1798,1248,1264,627C73B7
1153,38.43333333333333,2180432,0,0,0,0,0,0,0,16,00000000
1154,38.46666666666667,2180448,59,42,43,45,1935,3870,2188,2204,2902A179
1155,38.5,2182652,59,42,44,46,2024,4048,2225,2241,C078B2A8
1156,38.53333333333333,2184893,59,40,44,47,2068,4136,2265,2281,562426F7
1157,38.56666666666667,2187174,60,40,44,47,2068,4136,2332,2348,C3A22887
1158,38.6,2189522,59,40,45,48,2160,4320,2392,2408,D6610AB7
1159,38.63333333333333,2191930,67,49,30,34,1020,2040,1279,1295,6D935589
1160,38.666666666666664,2193225,57,40,47,48,2256,4512,2422,2438,C6E4D457
1161,38.7,2195663,59,54,42,28,1176,2352,1366,1382,B8D68382
1162,38.733333333333334,2197045,57,40,48,48,2304,4608,2432,2448,0E3044C5
1163,38.766666666666666,2199493,59,40,47,48,2256,4512,2415,2431,E78E5928
1164,38.8,2201924,62,40,45,48,2160,4320,2287,2303,C0C28E72
1165,38.833333333333336,2204227,80,45,4,7,28,56,53,69,323CD871
1166,38.86666666666667,2204296,63,40,45,48,2160,4320,2282,2298,DF0C1FE4
1167,38.9,2206594,64,41,44,47,2068,4136,2231,2247,E65361A7
1168,38.93333333333333,2208841,65,41,44,47,2068,4136,2101,2117,AE740967
1169,38.96666666666667,2210958,76,56,31,16,496,992,767,783,EE6D7C8A
1170,39.0,2211741,65,42,44,46,2024,4048,2083,2099,046454A4
1171,39.03333333333333,2213840,67,43,39,45,1755,3510,1983,1999,D4F0DA68
1172,39.06666666666667,2215839,65,42,44,46,2024,4048,2180,2196,C5ACB8D0
1173,39.1,2218035,64,40,44,48,2112,4224,2217,2233,A984CB61
1174,39.13333333333333,2220268,64,40,44,47,2068,4136,2255,2271,2C6C5E1A
1175,39.166666666666664,2222539,64,40,44,48,2112,4224,2307,2323,058360E3
1176,39.2,2224862,64,40,45,48,2160,4320,2467,2483,3F73D7A9
1177,39.233333333333334,2227345,0,0,0,0,0,0,0,16,00000000
1178,39.266666666666666,2227361,67,54,43,33,1419,2838,1766,1782,B2C3ECEC
1179,39.3,2229143,62,40,48,48,2304,4608,2474,2490,A1A62496
1180,39.333333333333336,2231633,61,40,47,48,2256,4512,2470,2486,1659D241
1181,39.36666666666667,2234119,60,40,47,48,2256,4512,2472,2488,955742E0
1182,39.4,2236607,60,40,44,48,2112,4224,2405,2421,E6A6B3CE
1183,39.43333333333333,2239028,85,46,18,37,666,1332,878,894,DCA5ABC9
1184,39.46666666666667,2239922,59,41,45,47,2115,4230,2375,2391,40D310F8
1185,39.5,2242313,59,41,44,47,2068,4136,2268,2284,CF332C6D
1186,39.53333333333333,2244597,65,55,29,29,841,1682,1131,1147,C5711EBB
1187,39.56666666666667,2245744,59,42,43,45,1935,3870,2195,2211,09B134AF
1188,39.6,2247955,59,42,44,46,2024,4048,2219,2235,04B15AFA
1189,39.63333333333333,2250190,0,0,0,0,0,0,0,16,00000000
1190,39.666666666666664,2250206,59,40,45,47,2115,4230,2275,2291,D3E4A5AB
1191,39.7,2252497,60,40,43,48,2064,4128,2312,2328,83692EBD
1192,39.733333333333334,2254825,58,40,46,48,2208,4416,2392,2408,C1860A9D
1193,39.766666666666666,2257233,57,40,47,48,2256,4512,2430,2446,89C929D0
1194,39.8,2259679,64,53,35,35,1225,2450,1495,1511,310ACE98
1195,39.833333333333336,2261190,64,53,1,1,1,2,3,19,9B831F7E
1196,39.86666666666667,2261209,57,40,48,48,2304,4608,2421,2437,5437CC23
1197,39.9,2263646,59,40,47,48,2256,4512,2409,2425,79AF84F8
1198,39.93333333333333,2266071,62,40,45,48,2160,4320,2299,2315,020C7D5B
1199,39.96666666666667,2268386,63,40,45,48,2160,4320,2280,2296,F04A1EF6
1200,40.0,2270682,64,41,44,47,2068,4136,2240,2256,E3B4F67A
1201,40.03333333333333,2272938,68,45,27,17,459,918,694,710,320D90A7
1202,40.06666666666667,2273648,64,41,45,47,2115,4230,2122,2138,983C9601
1203,40.1,2275786,75,50,32,37,1184,2368,1481,1497,F2467C49
1204,40.13333333333333,2277283,65,42,44,46,2024,4048,2088,2104,8F7B5B32
1205,40.166666666666664,2279387,65,42,44,46,2024,4048,2169,2185,651FDB95
1206,40.2,2281572,64,40,44,48,2112,4224,2215,2231,FC211A8B
1207,40.233333333333334,2283803,67,44,32,35,1120,2240,1420,1436,806EA34F
1208,40.266666666666666,2285239,64,40,44,47,2068,4136,2251,2267,6F73C818
1209,40.3,2287506,64,40,44,48,2112,4224,2322,2338,9F0C9431
